file,line,type,commit,author,date,time,timezone,datetime,depth,length
styles.css,1,css,8e02cae5,Jaden Vo,2025-10-30,13:09:28,-07:00,2025-10-30T13:09:28-07:00,0,64
styles.css,2,css,58eed0ba,Jaden Vo,2025-10-07,23:16:16,-07:00,2025-10-07T23:16:16-07:00,0,4
styles.css,3,css,43201bde,Jaden Vo,2025-10-07,23:24:05,-07:00,2025-10-07T23:24:05-07:00,1,36
styles.css,4,css,58eed0ba,Jaden Vo,2025-10-07,23:16:16,-07:00,2025-10-07T23:16:16-07:00,1,15
styles.css,5,css,58eed0ba,Jaden Vo,2025-10-07,23:16:16,-07:00,2025-10-07T23:16:16-07:00,1,13
styles.css,6,css,58eed0ba,Jaden Vo,2025-10-07,23:16:16,-07:00,2025-10-07T23:16:16-07:00,1,42
styles.css,7,css,8e02cae5,Jaden Vo,2025-10-30,13:09:28,-07:00,2025-10-30T13:09:28-07:00,1,22
styles.css,8,css,8e02cae5,Jaden Vo,2025-10-30,13:09:28,-07:00,2025-10-30T13:09:28-07:00,1,11
styles.css,9,css,58eed0ba,Jaden Vo,2025-10-07,23:16:16,-07:00,2025-10-07T23:16:16-07:00,0,0
styles.css,10,css,58eed0ba,Jaden Vo,2025-10-07,23:16:16,-07:00,2025-10-07T23:16:16-07:00,0,0
styles.css,11,css,2e3823dd,Jaden Vo,2025-10-07,22:53:55,-07:00,2025-10-07T22:53:55-07:00,0,5
styles.css,12,css,11120757,Jaden Vo,2025-10-07,23:34:24,-07:00,2025-10-07T23:34:24-07:00,1,32
styles.css,13,css,2e3823dd,Jaden Vo,2025-10-07,22:53:55,-07:00,2025-10-07T22:53:55-07:00,0,0
styles.css,14,css,2e3823dd,Jaden Vo,2025-10-07,22:53:55,-07:00,2025-10-07T22:53:55-07:00,0,0
styles.css,15,css,58eed0ba,Jaden Vo,2025-10-07,23:16:16,-07:00,2025-10-07T23:16:16-07:00,0,4
styles.css,16,css,58eed0ba,Jaden Vo,2025-10-07,23:16:16,-07:00,2025-10-07T23:16:16-07:00,1,32
styles.css,17,css,9dcff58f,Jaden Vo,2025-10-13,13:30:00,-07:00,2025-10-13T13:30:00-07:00,1,23
styles.css,18,css,58eed0ba,Jaden Vo,2025-10-07,23:16:16,-07:00,2025-10-07T23:16:16-07:00,0,0
styles.css,19,css,58eed0ba,Jaden Vo,2025-10-07,23:16:16,-07:00,2025-10-07T23:16:16-07:00,0,0
styles.css,20,css,8e02cae5,Jaden Vo,2025-10-30,13:09:28,-07:00,2025-10-30T13:09:28-07:00,0,54
styles.css,21,css,3a279a1f,Jaden Vo,2025-10-07,22:10:33,-07:00,2025-10-07T22:10:33-07:00,0,3
styles.css,22,css,3a279a1f,Jaden Vo,2025-10-07,22:10:33,-07:00,2025-10-07T22:10:33-07:00,1,12
styles.css,23,css,4f1e83a0,Jaden Vo,2025-10-07,22:16:09,-07:00,2025-10-07T22:16:09-07:00,1,22
styles.css,24,css,4f1e83a0,Jaden Vo,2025-10-07,22:16:09,-07:00,2025-10-07T22:16:09-07:00,1,18
styles.css,25,css,9dcff58f,Jaden Vo,2025-10-13,13:30:00,-07:00,2025-10-13T13:30:00-07:00,1,9
styles.css,26,css,3a279a1f,Jaden Vo,2025-10-07,22:10:33,-07:00,2025-10-07T22:10:33-07:00,1,13
styles.css,27,css,9dcff58f,Jaden Vo,2025-10-13,13:30:00,-07:00,2025-10-13T13:30:00-07:00,1,15
styles.css,28,css,9dcff58f,Jaden Vo,2025-10-13,13:30:00,-07:00,2025-10-13T13:30:00-07:00,1,47
styles.css,29,css,9dcff58f,Jaden Vo,2025-10-13,13:30:00,-07:00,2025-10-13T13:30:00-07:00,0,0
styles.css,30,css,4f1e83a0,Jaden Vo,2025-10-07,22:16:09,-07:00,2025-10-07T22:16:09-07:00,0,0
styles.css,31,css,9dcff58f,Jaden Vo,2025-10-13,13:30:00,-07:00,2025-10-13T13:30:00-07:00,0,5
styles.css,32,css,9dcff58f,Jaden Vo,2025-10-13,13:30:00,-07:00,2025-10-13T13:30:00-07:00,1,20
styles.css,33,css,9dcff58f,Jaden Vo,2025-10-13,13:30:00,-07:00,2025-10-13T13:30:00-07:00,1,17
styles.css,34,css,9dcff58f,Jaden Vo,2025-10-13,13:30:00,-07:00,2025-10-13T13:30:00-07:00,1,20
styles.css,35,css,9dcff58f,Jaden Vo,2025-10-13,13:30:00,-07:00,2025-10-13T13:30:00-07:00,1,13
styles.css,36,css,9dcff58f,Jaden Vo,2025-10-13,13:30:00,-07:00,2025-10-13T13:30:00-07:00,1,17
styles.css,37,css,9dcff58f,Jaden Vo,2025-10-13,13:30:00,-07:00,2025-10-13T13:30:00-07:00,1,18
styles.css,38,css,9dcff58f,Jaden Vo,2025-10-13,13:30:00,-07:00,2025-10-13T13:30:00-07:00,0,0
styles.css,39,css,3a279a1f,Jaden Vo,2025-10-07,22:10:33,-07:00,2025-10-07T22:10:33-07:00,0,0
styles.css,40,css,9dcff58f,Jaden Vo,2025-10-13,13:30:00,-07:00,2025-10-13T13:30:00-07:00,0,12
styles.css,41,css,9dcff58f,Jaden Vo,2025-10-13,13:30:00,-07:00,2025-10-13T13:30:00-07:00,1,10
styles.css,42,css,9dcff58f,Jaden Vo,2025-10-13,13:30:00,-07:00,2025-10-13T13:30:00-07:00,1,17
styles.css,43,css,9dcff58f,Jaden Vo,2025-10-13,13:30:00,-07:00,2025-10-13T13:30:00-07:00,1,8
styles.css,44,css,9dcff58f,Jaden Vo,2025-10-13,13:30:00,-07:00,2025-10-13T13:30:00-07:00,1,6
styles.css,45,css,9dcff58f,Jaden Vo,2025-10-13,13:30:00,-07:00,2025-10-13T13:30:00-07:00,1,10
styles.css,46,css,9dcff58f,Jaden Vo,2025-10-13,13:30:00,-07:00,2025-10-13T13:30:00-07:00,1,10
styles.css,47,css,9dcff58f,Jaden Vo,2025-10-13,13:30:00,-07:00,2025-10-13T13:30:00-07:00,1,40
styles.css,48,css,9dcff58f,Jaden Vo,2025-10-13,13:30:00,-07:00,2025-10-13T13:30:00-07:00,1,48
styles.css,49,css,9dcff58f,Jaden Vo,2025-10-13,13:30:00,-07:00,2025-10-13T13:30:00-07:00,1,19
styles.css,50,css,9dcff58f,Jaden Vo,2025-10-13,13:30:00,-07:00,2025-10-13T13:30:00-07:00,1,21
styles.css,51,css,9dcff58f,Jaden Vo,2025-10-13,13:30:00,-07:00,2025-10-13T13:30:00-07:00,0,0
styles.css,52,css,3a279a1f,Jaden Vo,2025-10-07,22:10:33,-07:00,2025-10-07T22:10:33-07:00,0,0
styles.css,53,css,9dcff58f,Jaden Vo,2025-10-13,13:30:00,-07:00,2025-10-13T13:30:00-07:00,0,10
styles.css,54,css,9dcff58f,Jaden Vo,2025-10-13,13:30:00,-07:00,2025-10-13T13:30:00-07:00,0,13
styles.css,55,css,9dcff58f,Jaden Vo,2025-10-13,13:30:00,-07:00,2025-10-13T13:30:00-07:00,1,16
styles.css,56,css,47130cb3,Jaden Vo,2025-10-07,23:02:15,-07:00,2025-10-07T23:02:15-07:00,0,0
styles.css,57,css,cee027a7,Jaden Vo,2025-10-07,23:47:15,-07:00,2025-10-07T23:47:15-07:00,0,0
styles.css,58,css,9dcff58f,Jaden Vo,2025-10-13,13:30:00,-07:00,2025-10-13T13:30:00-07:00,0,17
styles.css,59,css,9dcff58f,Jaden Vo,2025-10-13,13:30:00,-07:00,2025-10-13T13:30:00-07:00,0,20
styles.css,60,css,9dcff58f,Jaden Vo,2025-10-13,13:30:00,-07:00,2025-10-13T13:30:00-07:00,1,36
styles.css,61,css,9dcff58f,Jaden Vo,2025-10-13,13:30:00,-07:00,2025-10-13T13:30:00-07:00,1,19
styles.css,62,css,9dcff58f,Jaden Vo,2025-10-13,13:30:00,-07:00,2025-10-13T13:30:00-07:00,0,0
styles.css,63,css,137c9545,Jaden Vo,2025-10-08,13:02:43,-07:00,2025-10-08T13:02:43-07:00,0,0
styles.css,64,css,8e02cae5,Jaden Vo,2025-10-30,13:09:28,-07:00,2025-10-30T13:09:28-07:00,0,49
styles.css,65,css,cee027a7,Jaden Vo,2025-10-07,23:47:15,-07:00,2025-10-07T23:47:15-07:00,0,4
styles.css,66,css,9cc73590,Jaden Vo,2025-10-08,00:42:42,-07:00,2025-10-08T00:42:42-07:00,1,12
styles.css,67,css,829cf041,Jaden Vo,2025-10-08,00:49:50,-07:00,2025-10-08T00:49:50-07:00,1,30
styles.css,68,css,e164674f,Jaden Vo,2025-10-08,01:04:55,-07:00,2025-10-08T01:04:55-07:00,1,13
styles.css,69,css,977ba1f5,Jaden Vo,2025-10-08,00:53:37,-07:00,2025-10-08T00:53:37-07:00,1,18
styles.css,70,css,f6abf989,Jaden Vo,2025-10-24,14:34:13,-07:00,2025-10-24T14:34:13-07:00,0,0
styles.css,71,css,9cc73590,Jaden Vo,2025-10-08,00:42:42,-07:00,2025-10-08T00:42:42-07:00,0,0
styles.css,72,css,f6abf989,Jaden Vo,2025-10-24,14:34:13,-07:00,2025-10-24T14:34:13-07:00,0,10
styles.css,73,css,f6abf989,Jaden Vo,2025-10-24,14:34:13,-07:00,2025-10-24T14:34:13-07:00,1,16
styles.css,74,css,f6abf989,Jaden Vo,2025-10-24,14:34:13,-07:00,2025-10-24T14:34:13-07:00,1,16
styles.css,75,css,f6abf989,Jaden Vo,2025-10-24,14:34:13,-07:00,2025-10-24T14:34:13-07:00,0,0
styles.css,76,css,5730d96c,Jaden Vo,2025-10-08,12:37:04,-07:00,2025-10-08T12:37:04-07:00,0,0
styles.css,77,css,f6abf989,Jaden Vo,2025-10-24,14:34:13,-07:00,2025-10-24T14:34:13-07:00,0,9
styles.css,78,css,f6abf989,Jaden Vo,2025-10-24,14:34:13,-07:00,2025-10-24T14:34:13-07:00,0,13
styles.css,79,css,f6abf989,Jaden Vo,2025-10-24,14:34:13,-07:00,2025-10-24T14:34:13-07:00,1,10
styles.css,80,css,f6abf989,Jaden Vo,2025-10-24,14:34:13,-07:00,2025-10-24T14:34:13-07:00,1,21
styles.css,81,css,f6abf989,Jaden Vo,2025-10-24,14:34:13,-07:00,2025-10-24T14:34:13-07:00,1,12
styles.css,82,css,f6abf989,Jaden Vo,2025-10-24,14:34:13,-07:00,2025-10-24T14:34:13-07:00,0,0
styles.css,83,css,5730d96c,Jaden Vo,2025-10-08,12:37:04,-07:00,2025-10-08T12:37:04-07:00,0,0
styles.css,84,css,f6abf989,Jaden Vo,2025-10-24,14:34:13,-07:00,2025-10-24T14:34:13-07:00,0,24
styles.css,85,css,f6abf989,Jaden Vo,2025-10-24,14:34:13,-07:00,2025-10-24T14:34:13-07:00,0,24
styles.css,86,css,f6abf989,Jaden Vo,2025-10-24,14:34:13,-07:00,2025-10-24T14:34:13-07:00,1,18
styles.css,87,css,f6abf989,Jaden Vo,2025-10-24,14:34:13,-07:00,2025-10-24T14:34:13-07:00,1,18
styles.css,88,css,f6abf989,Jaden Vo,2025-10-24,14:34:13,-07:00,2025-10-24T14:34:13-07:00,1,17
styles.css,89,css,9971156a,Jaden Vo,2025-10-08,12:47:24,-07:00,2025-10-08T12:47:24-07:00,0,0
styles.css,90,css,cd18056e,Jaden Vo,2025-10-08,12:54:50,-07:00,2025-10-08T12:54:50-07:00,0,0
styles.css,91,css,8e02cae5,Jaden Vo,2025-10-30,13:09:28,-07:00,2025-10-30T13:09:28-07:00,0,57
styles.css,92,css,cd18056e,Jaden Vo,2025-10-08,12:54:50,-07:00,2025-10-08T12:54:50-07:00,0,9
styles.css,93,css,cd18056e,Jaden Vo,2025-10-08,12:54:50,-07:00,2025-10-08T12:54:50-07:00,1,12
styles.css,94,css,cd18056e,Jaden Vo,2025-10-08,12:54:50,-07:00,2025-10-08T12:54:50-07:00,1,58
styles.css,95,css,cd18056e,Jaden Vo,2025-10-08,12:54:50,-07:00,2025-10-08T12:54:50-07:00,1,7
styles.css,96,css,f6abf989,Jaden Vo,2025-10-24,14:34:13,-07:00,2025-10-24T14:34:13-07:00,0,0
styles.css,97,css,cd18056e,Jaden Vo,2025-10-08,12:54:50,-07:00,2025-10-08T12:54:50-07:00,0,0
styles.css,98,css,f6abf989,Jaden Vo,2025-10-24,14:34:13,-07:00,2025-10-24T14:34:13-07:00,0,17
styles.css,99,css,f6abf989,Jaden Vo,2025-10-24,14:34:13,-07:00,2025-10-24T14:34:13-07:00,1,12
styles.css,100,css,f6abf989,Jaden Vo,2025-10-24,14:34:13,-07:00,2025-10-24T14:34:13-07:00,1,26
styles.css,101,css,f6abf989,Jaden Vo,2025-10-24,14:34:13,-07:00,2025-10-24T14:34:13-07:00,1,15
styles.css,102,css,f6abf989,Jaden Vo,2025-10-24,14:34:13,-07:00,2025-10-24T14:34:13-07:00,1,7
styles.css,103,css,f6abf989,Jaden Vo,2025-10-24,14:34:13,-07:00,2025-10-24T14:34:13-07:00,0,0
styles.css,104,css,cd18056e,Jaden Vo,2025-10-08,12:54:50,-07:00,2025-10-08T12:54:50-07:00,0,0
styles.css,105,css,f6abf989,Jaden Vo,2025-10-24,14:34:13,-07:00,2025-10-24T14:34:13-07:00,0,20
styles.css,106,css,f6abf989,Jaden Vo,2025-10-24,14:34:13,-07:00,2025-10-24T14:34:13-07:00,1,8
styles.css,107,css,f6abf989,Jaden Vo,2025-10-24,14:34:13,-07:00,2025-10-24T14:34:13-07:00,1,14
styles.css,108,css,cd18056e,Jaden Vo,2025-10-08,12:54:50,-07:00,2025-10-08T12:54:50-07:00,0,0
styles.css,109,css,cd18056e,Jaden Vo,2025-10-08,12:54:50,-07:00,2025-10-08T12:54:50-07:00,0,0
styles.css,110,css,8e02cae5,Jaden Vo,2025-10-30,13:09:28,-07:00,2025-10-30T13:09:28-07:00,0,52
styles.css,111,css,ae7ec99d,Jaden Vo,2025-10-08,13:12:34,-07:00,2025-10-08T13:12:34-07:00,0,1
styles.css,112,css,ae7ec99d,Jaden Vo,2025-10-08,13:12:34,-07:00,2025-10-08T13:12:34-07:00,0,1
styles.css,113,css,ae7ec99d,Jaden Vo,2025-10-08,13:12:34,-07:00,2025-10-08T13:12:34-07:00,0,1
styles.css,114,css,ae7ec99d,Jaden Vo,2025-10-08,13:12:34,-07:00,2025-10-08T13:12:34-07:00,0,1
styles.css,115,css,ae7ec99d,Jaden Vo,2025-10-08,13:12:34,-07:00,2025-10-08T13:12:34-07:00,0,1
styles.css,116,css,ae7ec99d,Jaden Vo,2025-10-08,13:12:34,-07:00,2025-10-08T13:12:34-07:00,0,2
styles.css,117,css,cd18056e,Jaden Vo,2025-10-08,12:54:50,-07:00,2025-10-08T12:54:50-07:00,1,19
styles.css,118,css,cd18056e,Jaden Vo,2025-10-08,12:54:50,-07:00,2025-10-08T12:54:50-07:00,1,16
styles.css,119,css,cd18056e,Jaden Vo,2025-10-08,12:54:50,-07:00,2025-10-08T12:54:50-07:00,1,15
styles.css,120,css,cd18056e,Jaden Vo,2025-10-08,12:54:50,-07:00,2025-10-08T12:54:50-07:00,1,17
styles.css,121,css,cd18056e,Jaden Vo,2025-10-08,12:54:50,-07:00,2025-10-08T12:54:50-07:00,0,0
styles.css,122,css,cd18056e,Jaden Vo,2025-10-08,12:54:50,-07:00,2025-10-08T12:54:50-07:00,0,0
styles.css,123,css,8e02cae5,Jaden Vo,2025-10-30,13:09:28,-07:00,2025-10-30T13:09:28-07:00,0,58
styles.css,124,css,8e02cae5,Jaden Vo,2025-10-30,13:09:28,-07:00,2025-10-30T13:09:28-07:00,0,19
styles.css,125,css,8e02cae5,Jaden Vo,2025-10-30,13:09:28,-07:00,2025-10-30T13:09:28-07:00,1,17
styles.css,126,css,8e02cae5,Jaden Vo,2025-10-30,13:09:28,-07:00,2025-10-30T13:09:28-07:00,0,0
styles.css,127,css,137c9545,Jaden Vo,2025-10-08,13:02:43,-07:00,2025-10-08T13:02:43-07:00,0,0
styles.css,128,css,8e02cae5,Jaden Vo,2025-10-30,13:09:28,-07:00,2025-10-30T13:09:28-07:00,0,22
styles.css,129,css,8e02cae5,Jaden Vo,2025-10-30,13:09:28,-07:00,2025-10-30T13:09:28-07:00,1,14
styles.css,130,css,8e02cae5,Jaden Vo,2025-10-30,13:09:28,-07:00,2025-10-30T13:09:28-07:00,0,0
styles.css,131,css,ae7ec99d,Jaden Vo,2025-10-08,13:12:34,-07:00,2025-10-08T13:12:34-07:00,0,0
styles.css,132,css,8e02cae5,Jaden Vo,2025-10-30,13:09:28,-07:00,2025-10-30T13:09:28-07:00,0,22
styles.css,133,css,8e02cae5,Jaden Vo,2025-10-30,13:09:28,-07:00,2025-10-30T13:09:28-07:00,1,14
styles.css,134,css,8e02cae5,Jaden Vo,2025-10-30,13:09:28,-07:00,2025-10-30T13:09:28-07:00,0,0
styles.css,135,css,137c9545,Jaden Vo,2025-10-08,13:02:43,-07:00,2025-10-08T13:02:43-07:00,0,0
styles.css,136,css,8e02cae5,Jaden Vo,2025-10-30,13:09:28,-07:00,2025-10-30T13:09:28-07:00,0,27
styles.css,137,css,8e02cae5,Jaden Vo,2025-10-30,13:09:28,-07:00,2025-10-30T13:09:28-07:00,1,12
styles.css,138,css,8e02cae5,Jaden Vo,2025-10-30,13:09:28,-07:00,2025-10-30T13:09:28-07:00,1,32
styles.css,139,css,8e02cae5,Jaden Vo,2025-10-30,13:09:28,-07:00,2025-10-30T13:09:28-07:00,1,9
styles.css,140,css,8e02cae5,Jaden Vo,2025-10-30,13:09:28,-07:00,2025-10-30T13:09:28-07:00,1,15
styles.css,141,css,8e02cae5,Jaden Vo,2025-10-30,13:09:28,-07:00,2025-10-30T13:09:28-07:00,1,28
styles.css,142,css,8e02cae5,Jaden Vo,2025-10-30,13:09:28,-07:00,2025-10-30T13:09:28-07:00,0,0
styles.css,143,css,137c9545,Jaden Vo,2025-10-08,13:02:43,-07:00,2025-10-08T13:02:43-07:00,0,0
styles.css,144,css,8e02cae5,Jaden Vo,2025-10-30,13:09:28,-07:00,2025-10-30T13:09:28-07:00,0,30
styles.css,145,css,8e02cae5,Jaden Vo,2025-10-30,13:09:28,-07:00,2025-10-30T13:09:28-07:00,1,8
styles.css,146,css,8e02cae5,Jaden Vo,2025-10-30,13:09:28,-07:00,2025-10-30T13:09:28-07:00,0,0
styles.css,147,css,137c9545,Jaden Vo,2025-10-08,13:02:43,-07:00,2025-10-08T13:02:43-07:00,0,0
styles.css,148,css,8e02cae5,Jaden Vo,2025-10-30,13:09:28,-07:00,2025-10-30T13:09:28-07:00,0,32
styles.css,149,css,8e02cae5,Jaden Vo,2025-10-30,13:09:28,-07:00,2025-10-30T13:09:28-07:00,1,15
styles.css,150,css,8e02cae5,Jaden Vo,2025-10-30,13:09:28,-07:00,2025-10-30T13:09:28-07:00,1,10
styles.css,151,css,8e02cae5,Jaden Vo,2025-10-30,13:09:28,-07:00,2025-10-30T13:09:28-07:00,0,0
styles.css,152,css,137c9545,Jaden Vo,2025-10-08,13:02:43,-07:00,2025-10-08T13:02:43-07:00,0,0
styles.css,153,css,8e02cae5,Jaden Vo,2025-10-30,13:09:28,-07:00,2025-10-30T13:09:28-07:00,0,30
styles.css,154,css,8e02cae5,Jaden Vo,2025-10-30,13:09:28,-07:00,2025-10-30T13:09:28-07:00,1,18
styles.css,155,css,8e02cae5,Jaden Vo,2025-10-30,13:09:28,-07:00,2025-10-30T13:09:28-07:00,1,14
styles.css,156,css,9dcff58f,Jaden Vo,2025-10-13,13:30:00,-07:00,2025-10-13T13:30:00-07:00,0,0
styles.css,157,css,9dcff58f,Jaden Vo,2025-10-13,13:30:00,-07:00,2025-10-13T13:30:00-07:00,0,0
styles.css,158,css,8e02cae5,Jaden Vo,2025-10-30,13:09:28,-07:00,2025-10-30T13:09:28-07:00,0,65
styles.css,159,css,9dcff58f,Jaden Vo,2025-10-13,13:30:00,-07:00,2025-10-13T13:30:00-07:00,0,13
styles.css,160,css,8e02cae5,Jaden Vo,2025-10-30,13:09:28,-07:00,2025-10-30T13:09:28-07:00,1,14
styles.css,161,css,9dcff58f,Jaden Vo,2025-10-13,13:30:00,-07:00,2025-10-13T13:30:00-07:00,1,7
styles.css,162,css,9dcff58f,Jaden Vo,2025-10-13,13:30:00,-07:00,2025-10-13T13:30:00-07:00,1,9
styles.css,163,css,9dcff58f,Jaden Vo,2025-10-13,13:30:00,-07:00,2025-10-13T13:30:00-07:00,1,16
styles.css,164,css,9dcff58f,Jaden Vo,2025-10-13,13:30:00,-07:00,2025-10-13T13:30:00-07:00,1,19
styles.css,165,css,9dcff58f,Jaden Vo,2025-10-13,13:30:00,-07:00,2025-10-13T13:30:00-07:00,1,13
styles.css,166,css,8e02cae5,Jaden Vo,2025-10-30,13:09:28,-07:00,2025-10-30T13:09:28-07:00,1,12
styles.css,167,css,9dcff58f,Jaden Vo,2025-10-13,13:30:00,-07:00,2025-10-13T13:30:00-07:00,0,0
styles.css,168,css,9dcff58f,Jaden Vo,2025-10-13,13:30:00,-07:00,2025-10-13T13:30:00-07:00,0,0
styles.css,169,css,9dcff58f,Jaden Vo,2025-10-13,13:30:00,-07:00,2025-10-13T13:30:00-07:00,0,20
styles.css,170,css,9dcff58f,Jaden Vo,2025-10-13,13:30:00,-07:00,2025-10-13T13:30:00-07:00,1,17
styles.css,171,css,9dcff58f,Jaden Vo,2025-10-13,13:30:00,-07:00,2025-10-13T13:30:00-07:00,1,13
styles.css,172,css,9dcff58f,Jaden Vo,2025-10-13,13:30:00,-07:00,2025-10-13T13:30:00-07:00,1,19
styles.css,173,css,9dcff58f,Jaden Vo,2025-10-13,13:30:00,-07:00,2025-10-13T13:30:00-07:00,1,13
styles.css,174,css,9dcff58f,Jaden Vo,2025-10-13,13:30:00,-07:00,2025-10-13T13:30:00-07:00,0,0
styles.css,175,css,9dcff58f,Jaden Vo,2025-10-13,13:30:00,-07:00,2025-10-13T13:30:00-07:00,0,0
styles.css,176,css,8e02cae5,Jaden Vo,2025-10-30,13:09:28,-07:00,2025-10-30T13:09:28-07:00,0,57
styles.css,177,css,b45a9e47,Jaden Vo,2025-10-20,16:28:50,-07:00,2025-10-20T16:28:50-07:00,0,17
styles.css,178,css,b45a9e47,Jaden Vo,2025-10-20,16:28:50,-07:00,2025-10-20T16:28:50-07:00,1,12
styles.css,179,css,b45a9e47,Jaden Vo,2025-10-20,16:28:50,-07:00,2025-10-20T16:28:50-07:00,1,36
styles.css,180,css,b45a9e47,Jaden Vo,2025-10-20,16:28:50,-07:00,2025-10-20T16:28:50-07:00,1,10
styles.css,181,css,b45a9e47,Jaden Vo,2025-10-20,16:28:50,-07:00,2025-10-20T16:28:50-07:00,1,17
styles.css,182,css,b45a9e47,Jaden Vo,2025-10-20,16:28:50,-07:00,2025-10-20T16:28:50-07:00,0,0
styles.css,183,css,b45a9e47,Jaden Vo,2025-10-20,16:28:50,-07:00,2025-10-20T16:28:50-07:00,0,0
styles.css,184,css,b45a9e47,Jaden Vo,2025-10-20,16:28:50,-07:00,2025-10-20T16:28:50-07:00,0,17
styles.css,185,css,b45a9e47,Jaden Vo,2025-10-20,16:28:50,-07:00,2025-10-20T16:28:50-07:00,1,10
styles.css,186,css,b45a9e47,Jaden Vo,2025-10-20,16:28:50,-07:00,2025-10-20T16:28:50-07:00,1,16
styles.css,187,css,b45a9e47,Jaden Vo,2025-10-20,16:28:50,-07:00,2025-10-20T16:28:50-07:00,0,0
styles.css,188,css,b45a9e47,Jaden Vo,2025-10-20,16:28:50,-07:00,2025-10-20T16:28:50-07:00,0,0
styles.css,189,css,b45a9e47,Jaden Vo,2025-10-20,16:28:50,-07:00,2025-10-20T16:28:50-07:00,0,17
styles.css,190,css,b45a9e47,Jaden Vo,2025-10-20,16:28:50,-07:00,2025-10-20T16:28:50-07:00,1,10
styles.css,191,css,b45a9e47,Jaden Vo,2025-10-20,16:28:50,-07:00,2025-10-20T16:28:50-07:00,1,8
styles.css,192,css,b45a9e47,Jaden Vo,2025-10-20,16:28:50,-07:00,2025-10-20T16:28:50-07:00,0,0
styles.css,193,css,8e02cae5,Jaden Vo,2025-10-30,13:09:28,-07:00,2025-10-30T13:09:28-07:00,0,0
styles.css,194,css,8e02cae5,Jaden Vo,2025-10-30,13:09:28,-07:00,2025-10-30T13:09:28-07:00,0,62
styles.css,195,css,8e02cae5,Jaden Vo,2025-10-30,13:09:28,-07:00,2025-10-30T13:09:28-07:00,0,0
styles.css,196,css,8e02cae5,Jaden Vo,2025-10-30,13:09:28,-07:00,2025-10-30T13:09:28-07:00,0,36
styles.css,197,css,8e02cae5,Jaden Vo,2025-10-30,13:09:28,-07:00,2025-10-30T13:09:28-07:00,0,10
styles.css,198,css,8e02cae5,Jaden Vo,2025-10-30,13:09:28,-07:00,2025-10-30T13:09:28-07:00,1,12
styles.css,199,css,8e02cae5,Jaden Vo,2025-10-30,13:09:28,-07:00,2025-10-30T13:09:28-07:00,1,22
styles.css,200,css,8e02cae5,Jaden Vo,2025-10-30,13:09:28,-07:00,2025-10-30T13:09:28-07:00,1,10
styles.css,201,css,8e02cae5,Jaden Vo,2025-10-30,13:09:28,-07:00,2025-10-30T13:09:28-07:00,1,16
styles.css,202,css,8e02cae5,Jaden Vo,2025-10-30,13:09:28,-07:00,2025-10-30T13:09:28-07:00,1,22
styles.css,203,css,8e02cae5,Jaden Vo,2025-10-30,13:09:28,-07:00,2025-10-30T13:09:28-07:00,1,14
styles.css,204,css,8e02cae5,Jaden Vo,2025-10-30,13:09:28,-07:00,2025-10-30T13:09:28-07:00,0,0
styles.css,205,css,8e02cae5,Jaden Vo,2025-10-30,13:09:28,-07:00,2025-10-30T13:09:28-07:00,0,0
styles.css,206,css,8e02cae5,Jaden Vo,2025-10-30,13:09:28,-07:00,2025-10-30T13:09:28-07:00,0,15
styles.css,207,css,8e02cae5,Jaden Vo,2025-10-30,13:09:28,-07:00,2025-10-30T13:09:28-07:00,0,18
styles.css,208,css,8e02cae5,Jaden Vo,2025-10-30,13:09:28,-07:00,2025-10-30T13:09:28-07:00,1,35
styles.css,209,css,8e02cae5,Jaden Vo,2025-10-30,13:09:28,-07:00,2025-10-30T13:09:28-07:00,1,36
styles.css,210,css,8e02cae5,Jaden Vo,2025-10-30,13:09:28,-07:00,2025-10-30T13:09:28-07:00,0,0
styles.css,211,css,8e02cae5,Jaden Vo,2025-10-30,13:09:28,-07:00,2025-10-30T13:09:28-07:00,0,0
styles.css,212,css,8e02cae5,Jaden Vo,2025-10-30,13:09:28,-07:00,2025-10-30T13:09:28-07:00,0,64
styles.css,213,css,8e02cae5,Jaden Vo,2025-10-30,13:09:28,-07:00,2025-10-30T13:09:28-07:00,0,20
styles.css,214,css,8e02cae5,Jaden Vo,2025-10-30,13:09:28,-07:00,2025-10-30T13:09:28-07:00,1,62
styles.css,215,css,8e02cae5,Jaden Vo,2025-10-30,13:09:28,-07:00,2025-10-30T13:09:28-07:00,0,0
styles.css,216,css,8e02cae5,Jaden Vo,2025-10-30,13:09:28,-07:00,2025-10-30T13:09:28-07:00,0,0
styles.css,217,css,8e02cae5,Jaden Vo,2025-10-30,13:09:28,-07:00,2025-10-30T13:09:28-07:00,0,14
styles.css,218,css,8e02cae5,Jaden Vo,2025-10-30,13:09:28,-07:00,2025-10-30T13:09:28-07:00,0,4
styles.css,219,css,8e02cae5,Jaden Vo,2025-10-30,13:09:28,-07:00,2025-10-30T13:09:28-07:00,1,14
styles.css,220,css,8e02cae5,Jaden Vo,2025-10-30,13:09:28,-07:00,2025-10-30T13:09:28-07:00,1,25
styles.css,221,css,8e02cae5,Jaden Vo,2025-10-30,13:09:28,-07:00,2025-10-30T13:09:28-07:00,0,0
styles.css,222,css,8e02cae5,Jaden Vo,2025-10-30,13:09:28,-07:00,2025-10-30T13:09:28-07:00,0,0
styles.css,223,css,8e02cae5,Jaden Vo,2025-10-30,13:09:28,-07:00,2025-10-30T13:09:28-07:00,0,13
styles.css,224,css,8e02cae5,Jaden Vo,2025-10-30,13:09:28,-07:00,2025-10-30T13:09:28-07:00,1,21
styles.css,225,css,8e02cae5,Jaden Vo,2025-10-30,13:09:28,-07:00,2025-10-30T13:09:28-07:00,1,12
styles.css,226,css,8e02cae5,Jaden Vo,2025-10-30,13:09:28,-07:00,2025-10-30T13:09:28-07:00,1,16
styles.css,227,css,8e02cae5,Jaden Vo,2025-10-30,13:09:28,-07:00,2025-10-30T13:09:28-07:00,0,0
styles.css,228,css,8e02cae5,Jaden Vo,2025-10-30,13:09:28,-07:00,2025-10-30T13:09:28-07:00,0,0
styles.css,229,css,8e02cae5,Jaden Vo,2025-10-30,13:09:28,-07:00,2025-10-30T13:09:28-07:00,0,20
styles.css,230,css,8e02cae5,Jaden Vo,2025-10-30,13:09:28,-07:00,2025-10-30T13:09:28-07:00,0,7
styles.css,231,css,8e02cae5,Jaden Vo,2025-10-30,13:09:28,-07:00,2025-10-30T13:09:28-07:00,1,15
styles.css,232,css,8e02cae5,Jaden Vo,2025-10-30,13:09:28,-07:00,2025-10-30T13:09:28-07:00,1,12
styles.css,233,css,8e02cae5,Jaden Vo,2025-10-30,13:09:28,-07:00,2025-10-30T13:09:28-07:00,1,8
styles.css,234,css,8e02cae5,Jaden Vo,2025-10-30,13:09:28,-07:00,2025-10-30T13:09:28-07:00,1,12
styles.css,235,css,8e02cae5,Jaden Vo,2025-10-30,13:09:28,-07:00,2025-10-30T13:09:28-07:00,1,21
styles.css,236,css,8e02cae5,Jaden Vo,2025-10-30,13:09:28,-07:00,2025-10-30T13:09:28-07:00,1,10
styles.css,237,css,8e02cae5,Jaden Vo,2025-10-30,13:09:28,-07:00,2025-10-30T13:09:28-07:00,1,11
styles.css,238,css,8e02cae5,Jaden Vo,2025-10-30,13:09:28,-07:00,2025-10-30T13:09:28-07:00,1,22
styles.css,239,css,8e02cae5,Jaden Vo,2025-10-30,13:09:28,-07:00,2025-10-30T13:09:28-07:00,1,15
styles.css,240,css,8e02cae5,Jaden Vo,2025-10-30,13:09:28,-07:00,2025-10-30T13:09:28-07:00,0,0
styles.css,241,css,8e02cae5,Jaden Vo,2025-10-30,13:09:28,-07:00,2025-10-30T13:09:28-07:00,0,0
styles.css,242,css,8e02cae5,Jaden Vo,2025-10-30,13:09:28,-07:00,2025-10-30T13:09:28-07:00,0,27
styles.css,243,css,8e02cae5,Jaden Vo,2025-10-30,13:09:28,-07:00,2025-10-30T13:09:28-07:00,0,10
styles.css,244,css,8e02cae5,Jaden Vo,2025-10-30,13:09:28,-07:00,2025-10-30T13:09:28-07:00,1,12
styles.css,245,css,8e02cae5,Jaden Vo,2025-10-30,13:09:28,-07:00,2025-10-30T13:09:28-07:00,1,18
styles.css,246,css,8e02cae5,Jaden Vo,2025-10-30,13:09:28,-07:00,2025-10-30T13:09:28-07:00,1,10
styles.css,247,css,8e02cae5,Jaden Vo,2025-10-30,13:09:28,-07:00,2025-10-30T13:09:28-07:00,1,21
styles.css,248,css,8e02cae5,Jaden Vo,2025-10-30,13:09:28,-07:00,2025-10-30T13:09:28-07:00,1,14
styles.css,249,css,8e02cae5,Jaden Vo,2025-10-30,13:09:28,-07:00,2025-10-30T13:09:28-07:00,1,20
styles.css,250,css,8e02cae5,Jaden Vo,2025-10-30,13:09:28,-07:00,2025-10-30T13:09:28-07:00,1,42
styles.css,251,css,8e02cae5,Jaden Vo,2025-10-30,13:09:28,-07:00,2025-10-30T13:09:28-07:00,0,0
styles.css,252,css,8e02cae5,Jaden Vo,2025-10-30,13:09:28,-07:00,2025-10-30T13:09:28-07:00,0,0
styles.css,253,css,8e02cae5,Jaden Vo,2025-10-30,13:09:28,-07:00,2025-10-30T13:09:28-07:00,0,16
styles.css,254,css,8e02cae5,Jaden Vo,2025-10-30,13:09:28,-07:00,2025-10-30T13:09:28-07:00,1,27
styles.css,255,css,8e02cae5,Jaden Vo,2025-10-30,13:09:28,-07:00,2025-10-30T13:09:28-07:00,1,25
styles.css,256,css,8e02cae5,Jaden Vo,2025-10-30,13:09:28,-07:00,2025-10-30T13:09:28-07:00,0,0
styles.css,257,css,8e02cae5,Jaden Vo,2025-10-30,13:09:28,-07:00,2025-10-30T13:09:28-07:00,0,0
styles.css,258,css,8e02cae5,Jaden Vo,2025-10-30,13:09:28,-07:00,2025-10-30T13:09:28-07:00,0,19
styles.css,259,css,8e02cae5,Jaden Vo,2025-10-30,13:09:28,-07:00,2025-10-30T13:09:28-07:00,1,16
styles.css,260,css,8e02cae5,Jaden Vo,2025-10-30,13:09:28,-07:00,2025-10-30T13:09:28-07:00,1,27
styles.css,261,css,8e02cae5,Jaden Vo,2025-10-30,13:09:28,-07:00,2025-10-30T13:09:28-07:00,0,0
styles.css,262,css,8e02cae5,Jaden Vo,2025-10-30,13:09:28,-07:00,2025-10-30T13:09:28-07:00,0,0
styles.css,263,css,8e02cae5,Jaden Vo,2025-10-30,13:09:28,-07:00,2025-10-30T13:09:28-07:00,0,26
styles.css,264,css,8e02cae5,Jaden Vo,2025-10-30,13:09:28,-07:00,2025-10-30T13:09:28-07:00,0,7
styles.css,265,css,8e02cae5,Jaden Vo,2025-10-30,13:09:28,-07:00,2025-10-30T13:09:28-07:00,1,9
styles.css,266,css,8e02cae5,Jaden Vo,2025-10-30,13:09:28,-07:00,2025-10-30T13:09:28-07:00,1,10
styles.css,267,css,8e02cae5,Jaden Vo,2025-10-30,13:09:28,-07:00,2025-10-30T13:09:28-07:00,1,20
styles.css,268,css,8e02cae5,Jaden Vo,2025-10-30,13:09:28,-07:00,2025-10-30T13:09:28-07:00,1,20
styles.css,269,css,8e02cae5,Jaden Vo,2025-10-30,13:09:28,-07:00,2025-10-30T13:09:28-07:00,1,29
styles.css,270,css,8e02cae5,Jaden Vo,2025-10-30,13:09:28,-07:00,2025-10-30T13:09:28-07:00,1,13
styles.css,271,css,8e02cae5,Jaden Vo,2025-10-30,13:09:28,-07:00,2025-10-30T13:09:28-07:00,0,0
index.js,1,js,b45a9e47,Jaden Vo,2025-10-20,16:28:50,-07:00,2025-10-20T16:28:50-07:00,0,83
index.js,2,js,b45a9e47,Jaden Vo,2025-10-20,16:28:50,-07:00,2025-10-20T16:28:50-07:00,0,0
index.js,3,js,b45a9e47,Jaden Vo,2025-10-20,16:28:50,-07:00,2025-10-20T16:28:50-07:00,0,36
index.js,4,js,b45a9e47,Jaden Vo,2025-10-20,16:28:50,-07:00,2025-10-20T16:28:50-07:00,0,11
index.js,5,js,b45a9e47,Jaden Vo,2025-10-20,16:28:50,-07:00,2025-10-20T16:28:50-07:00,0,0
index.js,6,js,b45a9e47,Jaden Vo,2025-10-20,16:28:50,-07:00,2025-10-20T16:28:50-07:00,0,34
index.js,7,js,b45a9e47,Jaden Vo,2025-10-20,16:28:50,-07:00,2025-10-20T16:28:50-07:00,0,54
index.js,8,js,b45a9e47,Jaden Vo,2025-10-20,16:28:50,-07:00,2025-10-20T16:28:50-07:00,0,42
index.js,9,js,b45a9e47,Jaden Vo,2025-10-20,16:28:50,-07:00,2025-10-20T16:28:50-07:00,0,0
index.js,10,js,b45a9e47,Jaden Vo,2025-10-20,16:28:50,-07:00,2025-10-20T16:28:50-07:00,0,60
index.js,11,js,b45a9e47,Jaden Vo,2025-10-20,16:28:50,-07:00,2025-10-20T16:28:50-07:00,0,54
index.js,12,js,b45a9e47,Jaden Vo,2025-10-20,16:28:50,-07:00,2025-10-20T16:28:50-07:00,0,0
index.js,13,js,b45a9e47,Jaden Vo,2025-10-20,16:28:50,-07:00,2025-10-20T16:28:50-07:00,0,51
index.js,14,js,b45a9e47,Jaden Vo,2025-10-20,16:28:50,-07:00,2025-10-20T16:28:50-07:00,0,60
index.js,15,js,b45a9e47,Jaden Vo,2025-10-20,16:28:50,-07:00,2025-10-20T16:28:50-07:00,0,0
index.js,16,js,b45a9e47,Jaden Vo,2025-10-20,16:28:50,-07:00,2025-10-20T16:28:50-07:00,0,17
index.js,17,js,b45a9e47,Jaden Vo,2025-10-20,16:28:50,-07:00,2025-10-20T16:28:50-07:00,1,24
index.js,18,js,b45a9e47,Jaden Vo,2025-10-20,16:28:50,-07:00,2025-10-20T16:28:50-07:00,4,34
index.js,19,js,b45a9e47,Jaden Vo,2025-10-20,16:28:50,-07:00,2025-10-20T16:28:50-07:00,4,2
index.js,20,js,b45a9e47,Jaden Vo,2025-10-20,16:28:50,-07:00,2025-10-20T16:28:50-07:00,5,55
index.js,21,js,b45a9e47,Jaden Vo,2025-10-20,16:28:50,-07:00,2025-10-20T16:28:50-07:00,5,55
index.js,22,js,b45a9e47,Jaden Vo,2025-10-20,16:28:50,-07:00,2025-10-20T16:28:50-07:00,5,49
index.js,23,js,b45a9e47,Jaden Vo,2025-10-20,16:28:50,-07:00,2025-10-20T16:28:50-07:00,5,49
index.js,24,js,b45a9e47,Jaden Vo,2025-10-20,16:28:50,-07:00,2025-10-20T16:28:50-07:00,4,3
index.js,25,js,b45a9e47,Jaden Vo,2025-10-20,16:28:50,-07:00,2025-10-20T16:28:50-07:00,1,0
index.js,26,js,b45a9e47,Jaden Vo,2025-10-20,16:28:50,-07:00,2025-10-20T16:28:50-07:00,0,0
index.html,1,html,e5e45b5b,Jaden Vo,2025-09-30,17:22:06,-07:00,2025-09-30T17:22:06-07:00,0,13
index.html,2,html,e5e45b5b,Jaden Vo,2025-09-30,17:22:06,-07:00,2025-09-30T17:22:06-07:00,0,14
index.html,3,html,b45a9e47,Jaden Vo,2025-10-20,16:28:50,-07:00,2025-10-20T16:28:50-07:00,0,0
index.html,4,html,e5e45b5b,Jaden Vo,2025-09-30,17:22:06,-07:00,2025-09-30T17:22:06-07:00,0,4
index.html,5,html,e5e45b5b,Jaden Vo,2025-09-30,17:22:06,-07:00,2025-09-30T17:22:06-07:00,2,20
index.html,6,html,e5e45b5b,Jaden Vo,2025-09-30,17:22:06,-07:00,2025-09-30T17:22:06-07:00,2,68
index.html,7,html,a8e0f93a,Jaden Vo,2025-09-30,17:34:34,-07:00,2025-09-30T17:34:34-07:00,2,39
index.html,8,html,e5e45b5b,Jaden Vo,2025-09-30,17:22:06,-07:00,2025-09-30T17:22:06-07:00,2,50
index.html,9,html,e5e45b5b,Jaden Vo,2025-09-30,17:22:06,-07:00,2025-09-30T17:22:06-07:00,0,5
index.html,10,html,b45a9e47,Jaden Vo,2025-10-20,16:28:50,-07:00,2025-10-20T16:28:50-07:00,0,0
index.html,11,html,e5e45b5b,Jaden Vo,2025-09-30,17:22:06,-07:00,2025-09-30T17:22:06-07:00,0,4
index.html,12,html,b45a9e47,Jaden Vo,2025-10-20,16:28:50,-07:00,2025-10-20T16:28:50-07:00,2,22
index.html,13,html,b45a9e47,Jaden Vo,2025-10-20,16:28:50,-07:00,2025-10-20T16:28:50-07:00,6,61
index.html,14,html,b45a9e47,Jaden Vo,2025-10-20,16:28:50,-07:00,2025-10-20T16:28:50-07:00,4,4
index.html,15,html,3d3ec19f,Jaden Vo,2025-09-30,17:35:41,-07:00,2025-09-30T17:35:41-07:00,2,6
index.html,16,html,be6687b7,Jaden Vo,2025-09-30,18:10:07,-07:00,2025-09-30T18:10:07-07:00,4,7
index.html,17,html,be6687b7,Jaden Vo,2025-09-30,18:10:07,-07:00,2025-09-30T18:10:07-07:00,6,15
index.html,18,html,be6687b7,Jaden Vo,2025-09-30,18:10:07,-07:00,2025-09-30T18:10:07-07:00,4,8
index.html,19,html,3d3ec19f,Jaden Vo,2025-09-30,17:35:41,-07:00,2025-09-30T17:35:41-07:00,2,7
index.html,20,html,b45a9e47,Jaden Vo,2025-10-20,16:28:50,-07:00,2025-10-20T16:28:50-07:00,0,0
index.html,21,html,b45a9e47,Jaden Vo,2025-10-20,16:28:50,-07:00,2025-10-20T16:28:50-07:00,2,112
index.html,22,html,b45a9e47,Jaden Vo,2025-10-20,16:28:50,-07:00,2025-10-20T16:28:50-07:00,4,11
index.html,23,html,a8e0f93a,Jaden Vo,2025-09-30,17:34:34,-07:00,2025-09-30T17:34:34-07:00,2,65
index.html,24,html,01ab079b,Jaden Vo,2025-10-13,11:41:18,-07:00,2025-10-13T11:41:18-07:00,0,0
index.html,25,html,b45a9e47,Jaden Vo,2025-10-20,16:28:50,-07:00,2025-10-20T16:28:50-07:00,2,22
index.html,26,html,b45a9e47,Jaden Vo,2025-10-20,16:28:50,-07:00,2025-10-20T16:28:50-07:00,2,20
index.html,27,html,b45a9e47,Jaden Vo,2025-10-20,16:28:50,-07:00,2025-10-20T16:28:50-07:00,4,49
index.html,28,html,b45a9e47,Jaden Vo,2025-10-20,16:28:50,-07:00,2025-10-20T16:28:50-07:00,2,4
index.html,29,html,b45a9e47,Jaden Vo,2025-10-20,16:28:50,-07:00,2025-10-20T16:28:50-07:00,0,0
index.html,30,html,b45a9e47,Jaden Vo,2025-10-20,16:28:50,-07:00,2025-10-20T16:28:50-07:00,0,0
index.html,31,html,b45a9e47,Jaden Vo,2025-10-20,16:28:50,-07:00,2025-10-20T16:28:50-07:00,2,50
index.html,32,html,e5e45b5b,Jaden Vo,2025-09-30,17:22:06,-07:00,2025-09-30T17:22:06-07:00,0,5
index.html,33,html,b45a9e47,Jaden Vo,2025-10-20,16:28:50,-07:00,2025-10-20T16:28:50-07:00,0,0
index.html,34,html,e5e45b5b,Jaden Vo,2025-09-30,17:22:06,-07:00,2025-09-30T17:22:06-07:00,0,5
global.js,1,js,01ab079b,Jaden Vo,2025-10-13,11:41:18,-07:00,2025-10-13T11:41:18-07:00,0,25
global.js,2,js,01ab079b,Jaden Vo,2025-10-13,11:41:18,-07:00,2025-10-13T11:41:18-07:00,0,0
global.js,3,js,b45a9e47,Jaden Vo,2025-10-20,16:28:50,-07:00,2025-10-20T16:28:50-07:00,0,54
global.js,4,js,b45a9e47,Jaden Vo,2025-10-20,16:28:50,-07:00,2025-10-20T16:28:50-07:00,0,28
global.js,5,js,b45a9e47,Jaden Vo,2025-10-20,16:28:50,-07:00,2025-10-20T16:28:50-07:00,1,41
global.js,6,js,b45a9e47,Jaden Vo,2025-10-20,16:28:50,-07:00,2025-10-20T16:28:50-07:00,2,52
global.js,7,js,b45a9e47,Jaden Vo,2025-10-20,16:28:50,-07:00,2025-10-20T16:28:50-07:00,1,0
global.js,8,js,01ab079b,Jaden Vo,2025-10-13,11:41:18,-07:00,2025-10-13T11:41:18-07:00,0,0
global.js,9,js,b45a9e47,Jaden Vo,2025-10-20,16:28:50,-07:00,2025-10-20T16:28:50-07:00,1,34
global.js,10,js,b45a9e47,Jaden Vo,2025-10-20,16:28:50,-07:00,2025-10-20T16:28:50-07:00,1,67
global.js,11,js,b45a9e47,Jaden Vo,2025-10-20,16:28:50,-07:00,2025-10-20T16:28:50-07:00,1,23
global.js,12,js,b45a9e47,Jaden Vo,2025-10-20,16:28:50,-07:00,2025-10-20T16:28:50-07:00,0,0
global.js,13,js,b45a9e47,Jaden Vo,2025-10-20,16:28:50,-07:00,2025-10-20T16:28:50-07:00,1,35
global.js,14,js,b45a9e47,Jaden Vo,2025-10-20,16:28:50,-07:00,2025-10-20T16:28:50-07:00,1,47
global.js,15,js,b45a9e47,Jaden Vo,2025-10-20,16:28:50,-07:00,2025-10-20T16:28:50-07:00,0,0
global.js,16,js,b45a9e47,Jaden Vo,2025-10-20,16:28:50,-07:00,2025-10-20T16:28:50-07:00,1,13
global.js,17,js,b45a9e47,Jaden Vo,2025-10-20,16:28:50,-07:00,2025-10-20T16:28:50-07:00,1,11
global.js,18,js,b45a9e47,Jaden Vo,2025-10-20,16:28:50,-07:00,2025-10-20T16:28:50-07:00,2,47
global.js,19,js,b45a9e47,Jaden Vo,2025-10-20,16:28:50,-07:00,2025-10-20T16:28:50-07:00,2,50
global.js,20,js,b45a9e47,Jaden Vo,2025-10-20,16:28:50,-07:00,2025-10-20T16:28:50-07:00,2,46
global.js,21,js,b45a9e47,Jaden Vo,2025-10-20,16:28:50,-07:00,2025-10-20T16:28:50-07:00,2,48
global.js,22,js,00000000,Not Committed Yet,2025-11-05,23:35:44,-08:00,2025-11-05T23:35:44-08:00,2,42
global.js,23,js,b45a9e47,Jaden Vo,2025-10-20,16:28:50,-07:00,2025-10-20T16:28:50-07:00,2,70
global.js,24,js,b45a9e47,Jaden Vo,2025-10-20,16:28:50,-07:00,2025-10-20T16:28:50-07:00,1,0
global.js,25,js,b45a9e47,Jaden Vo,2025-10-20,16:28:50,-07:00,2025-10-20T16:28:50-07:00,0,0
global.js,26,js,f6abf989,Jaden Vo,2025-10-24,14:34:13,-07:00,2025-10-24T14:34:13-07:00,1,34
global.js,27,js,f6abf989,Jaden Vo,2025-10-24,14:34:13,-07:00,2025-10-24T14:34:13-07:00,1,35
global.js,28,js,f6abf989,Jaden Vo,2025-10-24,14:34:13,-07:00,2025-10-24T14:34:13-07:00,2,38
global.js,29,js,f6abf989,Jaden Vo,2025-10-24,14:34:13,-07:00,2025-10-24T14:34:13-07:00,2,25
global.js,30,js,f6abf989,Jaden Vo,2025-10-24,14:34:13,-07:00,2025-10-24T14:34:13-07:00,0,0
global.js,31,js,f6abf989,Jaden Vo,2025-10-24,14:34:13,-07:00,2025-10-24T14:34:13-07:00,2,20
global.js,32,js,f6abf989,Jaden Vo,2025-10-24,14:34:13,-07:00,2025-10-24T14:34:13-07:00,3,37
global.js,33,js,f6abf989,Jaden Vo,2025-10-24,14:34:13,-07:00,2025-10-24T14:34:13-07:00,3,16
global.js,34,js,f6abf989,Jaden Vo,2025-10-24,14:34:13,-07:00,2025-10-24T14:34:13-07:00,3,25
global.js,35,js,f6abf989,Jaden Vo,2025-10-24,14:34:13,-07:00,2025-10-24T14:34:13-07:00,0,0
global.js,36,js,f6abf989,Jaden Vo,2025-10-24,14:34:13,-07:00,2025-10-24T14:34:13-07:00,3,15
global.js,37,js,f6abf989,Jaden Vo,2025-10-24,14:34:13,-07:00,2025-10-24T14:34:13-07:00,4,21
global.js,38,js,f6abf989,Jaden Vo,2025-10-24,14:34:13,-07:00,2025-10-24T14:34:13-07:00,4,31
global.js,39,js,f6abf989,Jaden Vo,2025-10-24,14:34:13,-07:00,2025-10-24T14:34:13-07:00,3,0
global.js,40,js,f6abf989,Jaden Vo,2025-10-24,14:34:13,-07:00,2025-10-24T14:34:13-07:00,3,20
global.js,41,js,b45a9e47,Jaden Vo,2025-10-20,16:28:50,-07:00,2025-10-20T16:28:50-07:00,2,0
global.js,42,js,e6baa437,Jaden Vo,2025-10-16,12:51:07,-07:00,2025-10-16T12:51:07-07:00,1,0
global.js,43,js,e6baa437,Jaden Vo,2025-10-16,12:51:07,-07:00,2025-10-16T12:51:07-07:00,0,0
global.js,44,js,b45a9e47,Jaden Vo,2025-10-20,16:28:50,-07:00,2025-10-20T16:28:50-07:00,1,23
global.js,45,js,b45a9e47,Jaden Vo,2025-10-20,16:28:50,-07:00,2025-10-20T16:28:50-07:00,1,25
global.js,46,js,b45a9e47,Jaden Vo,2025-10-20,16:28:50,-07:00,2025-10-20T16:28:50-07:00,1,30
global.js,47,js,b45a9e47,Jaden Vo,2025-10-20,16:28:50,-07:00,2025-10-20T16:28:50-07:00,2,65
global.js,48,js,b45a9e47,Jaden Vo,2025-10-20,16:28:50,-07:00,2025-10-20T16:28:50-07:00,1,0
global.js,49,js,b45a9e47,Jaden Vo,2025-10-20,16:28:50,-07:00,2025-10-20T16:28:50-07:00,1,36
global.js,50,js,b45a9e47,Jaden Vo,2025-10-20,16:28:50,-07:00,2025-10-20T16:28:50-07:00,0,0
global.js,51,js,f6abf989,Jaden Vo,2025-10-24,14:34:13,-07:00,2025-10-24T14:34:13-07:00,1,49
global.js,52,js,f6abf989,Jaden Vo,2025-10-24,14:34:13,-07:00,2025-10-24T14:34:13-07:00,1,45
global.js,53,js,f6abf989,Jaden Vo,2025-10-24,14:34:13,-07:00,2025-10-24T14:34:13-07:00,2,25
global.js,54,js,f6abf989,Jaden Vo,2025-10-24,14:34:13,-07:00,2025-10-24T14:34:13-07:00,0,32
global.js,55,js,f6abf989,Jaden Vo,2025-10-24,14:34:13,-07:00,2025-10-24T14:34:13-07:00,1,6
global.js,56,js,f6abf989,Jaden Vo,2025-10-24,14:34:13,-07:00,2025-10-24T14:34:13-07:00,2,43
global.js,57,js,f6abf989,Jaden Vo,2025-10-24,14:34:13,-07:00,2025-10-24T14:34:13-07:00,2,34
global.js,58,js,f6abf989,Jaden Vo,2025-10-24,14:34:13,-07:00,2025-10-24T14:34:13-07:00,2,32
global.js,59,js,f6abf989,Jaden Vo,2025-10-24,14:34:13,-07:00,2025-10-24T14:34:13-07:00,1,7
global.js,60,js,f6abf989,Jaden Vo,2025-10-24,14:34:13,-07:00,2025-10-24T14:34:13-07:00,0,8
global.js,61,js,f6abf989,Jaden Vo,2025-10-24,14:34:13,-07:00,2025-10-24T14:34:13-07:00,2,64
global.js,62,js,f6abf989,Jaden Vo,2025-10-24,14:34:13,-07:00,2025-10-24T14:34:13-07:00,1,0
global.js,63,js,f6abf989,Jaden Vo,2025-10-24,14:34:13,-07:00,2025-10-24T14:34:13-07:00,0,0
global.js,64,js,b45a9e47,Jaden Vo,2025-10-20,16:28:50,-07:00,2025-10-20T16:28:50-07:00,1,60
global.js,65,js,b45a9e47,Jaden Vo,2025-10-20,16:28:50,-07:00,2025-10-20T16:28:50-07:00,0,0
global.js,66,js,b45a9e47,Jaden Vo,2025-10-20,16:28:50,-07:00,2025-10-20T16:28:50-07:00,1,30
global.js,67,js,f6abf989,Jaden Vo,2025-10-24,14:34:13,-07:00,2025-10-24T14:34:13-07:00,2,21
global.js,68,js,f6abf989,Jaden Vo,2025-10-24,14:34:13,-07:00,2025-10-24T14:34:13-07:00,3,43
global.js,69,js,f6abf989,Jaden Vo,2025-10-24,14:34:13,-07:00,2025-10-24T14:34:13-07:00,3,33
global.js,70,js,f6abf989,Jaden Vo,2025-10-24,14:34:13,-07:00,2025-10-24T14:34:13-07:00,2,6
global.js,71,js,f6abf989,Jaden Vo,2025-10-24,14:34:13,-07:00,2025-10-24T14:34:13-07:00,3,44
global.js,72,js,f6abf989,Jaden Vo,2025-10-24,14:34:13,-07:00,2025-10-24T14:34:13-07:00,3,34
global.js,73,js,f6abf989,Jaden Vo,2025-10-24,14:34:13,-07:00,2025-10-24T14:34:13-07:00,2,0
global.js,74,js,b45a9e47,Jaden Vo,2025-10-20,16:28:50,-07:00,2025-10-20T16:28:50-07:00,2,19
global.js,75,js,b45a9e47,Jaden Vo,2025-10-20,16:28:50,-07:00,2025-10-20T16:28:50-07:00,2,31
global.js,76,js,b45a9e47,Jaden Vo,2025-10-20,16:28:50,-07:00,2025-10-20T16:28:50-07:00,1,0
global.js,77,js,01ab079b,Jaden Vo,2025-10-13,11:41:18,-07:00,2025-10-13T11:41:18-07:00,0,0
global.js,78,js,f6abf989,Jaden Vo,2025-10-24,14:34:13,-07:00,2025-10-24T14:34:13-07:00,1,17
global.js,79,js,b45a9e47,Jaden Vo,2025-10-20,16:28:50,-07:00,2025-10-20T16:28:50-07:00,1,34
global.js,80,js,b45a9e47,Jaden Vo,2025-10-20,16:28:50,-07:00,2025-10-20T16:28:50-07:00,2,39
global.js,81,js,b45a9e47,Jaden Vo,2025-10-20,16:28:50,-07:00,2025-10-20T16:28:50-07:00,1,6
global.js,82,js,b45a9e47,Jaden Vo,2025-10-20,16:28:50,-07:00,2025-10-20T16:28:50-07:00,2,76
global.js,83,js,b45a9e47,Jaden Vo,2025-10-20,16:28:50,-07:00,2025-10-20T16:28:50-07:00,2,45
global.js,84,js,b45a9e47,Jaden Vo,2025-10-20,16:28:50,-07:00,2025-10-20T16:28:50-07:00,1,0
global.js,85,js,9dcff58f,Jaden Vo,2025-10-13,13:30:00,-07:00,2025-10-13T13:30:00-07:00,0,0
global.js,86,js,f6abf989,Jaden Vo,2025-10-24,14:34:13,-07:00,2025-10-24T14:34:13-07:00,1,28
global.js,87,js,b45a9e47,Jaden Vo,2025-10-20,16:28:50,-07:00,2025-10-20T16:28:50-07:00,1,43
global.js,88,js,b45a9e47,Jaden Vo,2025-10-20,16:28:50,-07:00,2025-10-20T16:28:50-07:00,2,33
global.js,89,js,b45a9e47,Jaden Vo,2025-10-20,16:28:50,-07:00,2025-10-20T16:28:50-07:00,1,1
global.js,90,js,b45a9e47,Jaden Vo,2025-10-20,16:28:50,-07:00,2025-10-20T16:28:50-07:00,0,0
global.js,91,js,b45a9e47,Jaden Vo,2025-10-20,16:28:50,-07:00,2025-10-20T16:28:50-07:00,1,11
global.js,92,js,b45a9e47,Jaden Vo,2025-10-20,16:28:50,-07:00,2025-10-20T16:28:50-07:00,1,42
global.js,93,js,b45a9e47,Jaden Vo,2025-10-20,16:28:50,-07:00,2025-10-20T16:28:50-07:00,1,43
global.js,94,js,b45a9e47,Jaden Vo,2025-10-20,16:28:50,-07:00,2025-10-20T16:28:50-07:00,2,21
global.js,95,js,b45a9e47,Jaden Vo,2025-10-20,16:28:50,-07:00,2025-10-20T16:28:50-07:00,2,30
global.js,96,js,b45a9e47,Jaden Vo,2025-10-20,16:28:50,-07:00,2025-10-20T16:28:50-07:00,2,54
global.js,97,js,b45a9e47,Jaden Vo,2025-10-20,16:28:50,-07:00,2025-10-20T16:28:50-07:00,2,56
global.js,98,js,b45a9e47,Jaden Vo,2025-10-20,16:28:50,-07:00,2025-10-20T16:28:50-07:00,2,60
global.js,99,js,b45a9e47,Jaden Vo,2025-10-20,16:28:50,-07:00,2025-10-20T16:28:50-07:00,2,37
global.js,100,js,b45a9e47,Jaden Vo,2025-10-20,16:28:50,-07:00,2025-10-20T16:28:50-07:00,2,61
global.js,101,js,b45a9e47,Jaden Vo,2025-10-20,16:28:50,-07:00,2025-10-20T16:28:50-07:00,2,96
global.js,102,js,b45a9e47,Jaden Vo,2025-10-20,16:28:50,-07:00,2025-10-20T16:28:50-07:00,1,1
global.js,103,js,9dcff58f,Jaden Vo,2025-10-13,13:30:00,-07:00,2025-10-13T13:30:00-07:00,0,0
global.js,104,js,9dcff58f,Jaden Vo,2025-10-13,13:30:00,-07:00,2025-10-13T13:30:00-07:00,0,0
global.js,105,js,b45a9e47,Jaden Vo,2025-10-20,16:28:50,-07:00,2025-10-20T16:28:50-07:00,0,19
global.js,106,js,b45a9e47,Jaden Vo,2025-10-20,16:28:50,-07:00,2025-10-20T16:28:50-07:00,0,36
global.js,107,js,b45a9e47,Jaden Vo,2025-10-20,16:28:50,-07:00,2025-10-20T16:28:50-07:00,1,3
global.js,108,js,b45a9e47,Jaden Vo,2025-10-20,16:28:50,-07:00,2025-10-20T16:28:50-07:00,2,32
global.js,109,js,b45a9e47,Jaden Vo,2025-10-20,16:28:50,-07:00,2025-10-20T16:28:50-07:00,2,75
global.js,110,js,b45a9e47,Jaden Vo,2025-10-20,16:28:50,-07:00,2025-10-20T16:28:50-07:00,2,27
global.js,111,js,b45a9e47,Jaden Vo,2025-10-20,16:28:50,-07:00,2025-10-20T16:28:50-07:00,1,13
global.js,112,js,b45a9e47,Jaden Vo,2025-10-20,16:28:50,-07:00,2025-10-20T16:28:50-07:00,2,41
global.js,113,js,b45a9e47,Jaden Vo,2025-10-20,16:28:50,-07:00,2025-10-20T16:28:50-07:00,1,0
global.js,114,js,b45a9e47,Jaden Vo,2025-10-20,16:28:50,-07:00,2025-10-20T16:28:50-07:00,0,0
global.js,115,js,e6baa437,Jaden Vo,2025-10-16,12:51:07,-07:00,2025-10-16T12:51:07-07:00,0,0
global.js,116,js,b45a9e47,Jaden Vo,2025-10-20,16:28:50,-07:00,2025-10-20T16:28:50-07:00,0,79
global.js,117,js,b45a9e47,Jaden Vo,2025-10-20,16:28:50,-07:00,2025-10-20T16:28:50-07:00,1,30
global.js,118,js,5801f256,Jaden Vo,2025-10-24,14:06:19,-07:00,2025-10-24T14:06:19-07:00,0,0
global.js,119,js,b45a9e47,Jaden Vo,2025-10-20,16:28:50,-07:00,2025-10-20T16:28:50-07:00,1,39
global.js,120,js,b45a9e47,Jaden Vo,2025-10-20,16:28:50,-07:00,2025-10-20T16:28:50-07:00,2,55
global.js,121,js,b45a9e47,Jaden Vo,2025-10-20,16:28:50,-07:00,2025-10-20T16:28:50-07:00,2,5
global.js,122,js,b45a9e47,Jaden Vo,2025-10-20,16:28:50,-07:00,2025-10-20T16:28:50-07:00,1,0
global.js,123,js,5801f256,Jaden Vo,2025-10-24,14:06:19,-07:00,2025-10-24T14:06:19-07:00,0,0
global.js,124,js,b45a9e47,Jaden Vo,2025-10-20,16:28:50,-07:00,2025-10-20T16:28:50-07:00,1,31
global.js,125,js,b45a9e47,Jaden Vo,2025-10-20,16:28:50,-07:00,2025-10-20T16:28:50-07:00,2,48
global.js,126,js,b45a9e47,Jaden Vo,2025-10-20,16:28:50,-07:00,2025-10-20T16:28:50-07:00,2,19
global.js,127,js,5801f256,Jaden Vo,2025-10-24,14:06:19,-07:00,2025-10-24T14:06:19-07:00,3,81
global.js,128,js,5801f256,Jaden Vo,2025-10-24,14:06:19,-07:00,2025-10-24T14:06:19-07:00,4,49
global.js,129,js,5801f256,Jaden Vo,2025-10-24,14:06:19,-07:00,2025-10-24T14:06:19-07:00,4,49
global.js,130,js,5801f256,Jaden Vo,2025-10-24,14:06:19,-07:00,2025-10-24T14:06:19-07:00,3,4
global.js,131,js,b45a9e47,Jaden Vo,2025-10-20,16:28:50,-07:00,2025-10-20T16:28:50-07:00,3,49
global.js,132,js,b45a9e47,Jaden Vo,2025-10-20,16:28:50,-07:00,2025-10-20T16:28:50-07:00,3,27
global.js,133,js,b45a9e47,Jaden Vo,2025-10-20,16:28:50,-07:00,2025-10-20T16:28:50-07:00,2,0
global.js,134,js,b45a9e47,Jaden Vo,2025-10-20,16:28:50,-07:00,2025-10-20T16:28:50-07:00,2,36
global.js,135,js,b45a9e47,Jaden Vo,2025-10-20,16:28:50,-07:00,2025-10-20T16:28:50-07:00,1,0
global.js,136,js,b45a9e47,Jaden Vo,2025-10-20,16:28:50,-07:00,2025-10-20T16:28:50-07:00,0,0
global.js,137,js,e6baa437,Jaden Vo,2025-10-16,12:51:07,-07:00,2025-10-16T12:51:07-07:00,0,0
global.js,138,js,b45a9e47,Jaden Vo,2025-10-20,16:28:50,-07:00,2025-10-20T16:28:50-07:00,0,47
global.js,139,js,b45a9e47,Jaden Vo,2025-10-20,16:28:50,-07:00,2025-10-20T16:28:50-07:00,1,59
global.js,140,js,f6abf989,Jaden Vo,2025-10-24,14:34:13,-07:00,2025-10-24T14:34:13-07:00,0,0
resume\index.html,1,html,11976253,Jaden Vo,2025-09-30,18:02:03,-07:00,2025-09-30T18:02:03-07:00,0,13
resume\index.html,2,html,11976253,Jaden Vo,2025-09-30,18:02:03,-07:00,2025-09-30T18:02:03-07:00,0,14
resume\index.html,3,html,ae7ec99d,Jaden Vo,2025-10-08,13:12:34,-07:00,2025-10-08T13:12:34-07:00,0,0
resume\index.html,4,html,11976253,Jaden Vo,2025-09-30,18:02:03,-07:00,2025-09-30T18:02:03-07:00,0,4
resume\index.html,5,html,ae7ec99d,Jaden Vo,2025-10-08,13:12:34,-07:00,2025-10-08T13:12:34-07:00,2,22
resume\index.html,6,html,ae7ec99d,Jaden Vo,2025-10-08,13:12:34,-07:00,2025-10-08T13:12:34-07:00,2,70
resume\index.html,7,html,ae7ec99d,Jaden Vo,2025-10-08,13:12:34,-07:00,2025-10-08T13:12:34-07:00,2,44
resume\index.html,8,html,ae7ec99d,Jaden Vo,2025-10-08,13:12:34,-07:00,2025-10-08T13:12:34-07:00,2,19
resume\index.html,9,html,11976253,Jaden Vo,2025-09-30,18:02:03,-07:00,2025-09-30T18:02:03-07:00,0,5
resume\index.html,10,html,ae7ec99d,Jaden Vo,2025-10-08,13:12:34,-07:00,2025-10-08T13:12:34-07:00,0,0
resume\index.html,11,html,11976253,Jaden Vo,2025-09-30,18:02:03,-07:00,2025-09-30T18:02:03-07:00,0,4
resume\index.html,12,html,ae7ec99d,Jaden Vo,2025-10-08,13:12:34,-07:00,2025-10-08T13:12:34-07:00,2,6
resume\index.html,13,html,01ab079b,Jaden Vo,2025-10-13,11:41:18,-07:00,2025-10-13T11:41:18-07:00,4,8
resume\index.html,14,html,ae7ec99d,Jaden Vo,2025-10-08,13:12:34,-07:00,2025-10-08T13:12:34-07:00,6,30
resume\index.html,15,html,ae7ec99d,Jaden Vo,2025-10-08,13:12:34,-07:00,2025-10-08T13:12:34-07:00,6,41
resume\index.html,16,html,ae7ec99d,Jaden Vo,2025-10-08,13:12:34,-07:00,2025-10-08T13:12:34-07:00,6,43
resume\index.html,17,html,01ab079b,Jaden Vo,2025-10-13,11:41:18,-07:00,2025-10-13T11:41:18-07:00,6,29
resume\index.html,18,html,ae7ec99d,Jaden Vo,2025-10-08,13:12:34,-07:00,2025-10-08T13:12:34-07:00,6,62
resume\index.html,19,html,01ab079b,Jaden Vo,2025-10-13,11:41:18,-07:00,2025-10-13T11:41:18-07:00,4,8
resume\index.html,20,html,ae7ec99d,Jaden Vo,2025-10-08,13:12:34,-07:00,2025-10-08T13:12:34-07:00,2,7
resume\index.html,21,html,11976253,Jaden Vo,2025-09-30,18:02:03,-07:00,2025-09-30T18:02:03-07:00,0,0
resume\index.html,22,html,ae7ec99d,Jaden Vo,2025-10-08,13:12:34,-07:00,2025-10-08T13:12:34-07:00,2,19
resume\index.html,23,html,ae7ec99d,Jaden Vo,2025-10-08,13:12:34,-07:00,2025-10-08T13:12:34-07:00,4,7
resume\index.html,24,html,ae7ec99d,Jaden Vo,2025-10-08,13:12:34,-07:00,2025-10-08T13:12:34-07:00,6,16
resume\index.html,25,html,8dd21100,Jaden Vo,2025-10-08,13:16:00,-07:00,2025-10-08T13:16:00-07:00,6,30
resume\index.html,26,html,8dd21100,Jaden Vo,2025-10-08,13:16:00,-07:00,2025-10-08T13:16:00-07:00,8,42
resume\index.html,27,html,8dd21100,Jaden Vo,2025-10-08,13:16:00,-07:00,2025-10-08T13:16:00-07:00,8,29
resume\index.html,28,html,4d98e50b,Jaden Vo,2025-10-08,13:17:20,-07:00,2025-10-08T13:17:20-07:00,8,56
resume\index.html,29,html,ae7ec99d,Jaden Vo,2025-10-08,13:12:34,-07:00,2025-10-08T13:12:34-07:00,6,8
resume\index.html,30,html,ae7ec99d,Jaden Vo,2025-10-08,13:12:34,-07:00,2025-10-08T13:12:34-07:00,4,8
resume\index.html,31,html,11976253,Jaden Vo,2025-09-30,18:02:03,-07:00,2025-09-30T18:02:03-07:00,0,0
resume\index.html,32,html,ae7ec99d,Jaden Vo,2025-10-08,13:12:34,-07:00,2025-10-08T13:12:34-07:00,4,7
resume\index.html,33,html,ae7ec99d,Jaden Vo,2025-10-08,13:12:34,-07:00,2025-10-08T13:12:34-07:00,6,13
resume\index.html,34,html,ae7ec99d,Jaden Vo,2025-10-08,13:12:34,-07:00,2025-10-08T13:12:34-07:00,6,7
resume\index.html,35,html,ae7ec99d,Jaden Vo,2025-10-08,13:12:34,-07:00,2025-10-08T13:12:34-07:00,8,2
resume\index.html,36,html,ae7ec99d,Jaden Vo,2025-10-08,13:12:34,-07:00,2025-10-08T13:12:34-07:00,10,91
resume\index.html,37,html,ae7ec99d,Jaden Vo,2025-10-08,13:12:34,-07:00,2025-10-08T13:12:34-07:00,12,67
resume\index.html,38,html,ae7ec99d,Jaden Vo,2025-10-08,13:12:34,-07:00,2025-10-08T13:12:34-07:00,10,96
resume\index.html,39,html,ae7ec99d,Jaden Vo,2025-10-08,13:12:34,-07:00,2025-10-08T13:12:34-07:00,12,90
resume\index.html,40,html,ae7ec99d,Jaden Vo,2025-10-08,13:12:34,-07:00,2025-10-08T13:12:34-07:00,10,3
resume\index.html,41,html,ae7ec99d,Jaden Vo,2025-10-08,13:12:34,-07:00,2025-10-08T13:12:34-07:00,10,96
resume\index.html,42,html,ae7ec99d,Jaden Vo,2025-10-08,13:12:34,-07:00,2025-10-08T13:12:34-07:00,12,12
resume\index.html,43,html,ae7ec99d,Jaden Vo,2025-10-08,13:12:34,-07:00,2025-10-08T13:12:34-07:00,8,3
resume\index.html,44,html,ae7ec99d,Jaden Vo,2025-10-08,13:12:34,-07:00,2025-10-08T13:12:34-07:00,6,8
resume\index.html,45,html,ae7ec99d,Jaden Vo,2025-10-08,13:12:34,-07:00,2025-10-08T13:12:34-07:00,4,8
resume\index.html,46,html,11976253,Jaden Vo,2025-09-30,18:02:03,-07:00,2025-09-30T18:02:03-07:00,0,0
resume\index.html,47,html,ae7ec99d,Jaden Vo,2025-10-08,13:12:34,-07:00,2025-10-08T13:12:34-07:00,4,7
resume\index.html,48,html,ae7ec99d,Jaden Vo,2025-10-08,13:12:34,-07:00,2025-10-08T13:12:34-07:00,6,15
resume\index.html,49,html,11976253,Jaden Vo,2025-09-30,18:02:03,-07:00,2025-09-30T18:02:03-07:00,0,0
resume\index.html,50,html,ae7ec99d,Jaden Vo,2025-10-08,13:12:34,-07:00,2025-10-08T13:12:34-07:00,6,7
resume\index.html,51,html,ae7ec99d,Jaden Vo,2025-10-08,13:12:34,-07:00,2025-10-08T13:12:34-07:00,8,61
resume\index.html,52,html,ae7ec99d,Jaden Vo,2025-10-08,13:12:34,-07:00,2025-10-08T13:12:34-07:00,8,25
resume\index.html,53,html,ae7ec99d,Jaden Vo,2025-10-08,13:12:34,-07:00,2025-10-08T13:12:34-07:00,8,2
resume\index.html,54,html,ae7ec99d,Jaden Vo,2025-10-08,13:12:34,-07:00,2025-10-08T13:12:34-07:00,10,94
resume\index.html,55,html,ae7ec99d,Jaden Vo,2025-10-08,13:12:34,-07:00,2025-10-08T13:12:34-07:00,10,3
resume\index.html,56,html,ae7ec99d,Jaden Vo,2025-10-08,13:12:34,-07:00,2025-10-08T13:12:34-07:00,10,95
resume\index.html,57,html,ae7ec99d,Jaden Vo,2025-10-08,13:12:34,-07:00,2025-10-08T13:12:34-07:00,10,96
resume\index.html,58,html,ae7ec99d,Jaden Vo,2025-10-08,13:12:34,-07:00,2025-10-08T13:12:34-07:00,10,3
resume\index.html,59,html,ae7ec99d,Jaden Vo,2025-10-08,13:12:34,-07:00,2025-10-08T13:12:34-07:00,10,89
resume\index.html,60,html,ae7ec99d,Jaden Vo,2025-10-08,13:12:34,-07:00,2025-10-08T13:12:34-07:00,10,76
resume\index.html,61,html,ae7ec99d,Jaden Vo,2025-10-08,13:12:34,-07:00,2025-10-08T13:12:34-07:00,8,3
resume\index.html,62,html,ae7ec99d,Jaden Vo,2025-10-08,13:12:34,-07:00,2025-10-08T13:12:34-07:00,6,8
resume\index.html,63,html,11976253,Jaden Vo,2025-09-30,18:02:03,-07:00,2025-09-30T18:02:03-07:00,0,0
resume\index.html,64,html,ae7ec99d,Jaden Vo,2025-10-08,13:12:34,-07:00,2025-10-08T13:12:34-07:00,6,7
resume\index.html,65,html,ae7ec99d,Jaden Vo,2025-10-08,13:12:34,-07:00,2025-10-08T13:12:34-07:00,8,70
resume\index.html,66,html,ae7ec99d,Jaden Vo,2025-10-08,13:12:34,-07:00,2025-10-08T13:12:34-07:00,8,25
resume\index.html,67,html,ae7ec99d,Jaden Vo,2025-10-08,13:12:34,-07:00,2025-10-08T13:12:34-07:00,8,2
resume\index.html,68,html,ae7ec99d,Jaden Vo,2025-10-08,13:12:34,-07:00,2025-10-08T13:12:34-07:00,10,97
resume\index.html,69,html,ae7ec99d,Jaden Vo,2025-10-08,13:12:34,-07:00,2025-10-08T13:12:34-07:00,10,3
resume\index.html,70,html,ae7ec99d,Jaden Vo,2025-10-08,13:12:34,-07:00,2025-10-08T13:12:34-07:00,10,98
resume\index.html,71,html,ae7ec99d,Jaden Vo,2025-10-08,13:12:34,-07:00,2025-10-08T13:12:34-07:00,10,92
resume\index.html,72,html,ae7ec99d,Jaden Vo,2025-10-08,13:12:34,-07:00,2025-10-08T13:12:34-07:00,10,68
resume\index.html,73,html,ae7ec99d,Jaden Vo,2025-10-08,13:12:34,-07:00,2025-10-08T13:12:34-07:00,8,3
resume\index.html,74,html,ae7ec99d,Jaden Vo,2025-10-08,13:12:34,-07:00,2025-10-08T13:12:34-07:00,6,8
resume\index.html,75,html,11976253,Jaden Vo,2025-09-30,18:02:03,-07:00,2025-09-30T18:02:03-07:00,0,0
resume\index.html,76,html,ae7ec99d,Jaden Vo,2025-10-08,13:12:34,-07:00,2025-10-08T13:12:34-07:00,6,7
resume\index.html,77,html,ae7ec99d,Jaden Vo,2025-10-08,13:12:34,-07:00,2025-10-08T13:12:34-07:00,8,23
resume\index.html,78,html,ae7ec99d,Jaden Vo,2025-10-08,13:12:34,-07:00,2025-10-08T13:12:34-07:00,8,29
resume\index.html,79,html,ae7ec99d,Jaden Vo,2025-10-08,13:12:34,-07:00,2025-10-08T13:12:34-07:00,8,2
resume\index.html,80,html,ae7ec99d,Jaden Vo,2025-10-08,13:12:34,-07:00,2025-10-08T13:12:34-07:00,10,82
resume\index.html,81,html,ae7ec99d,Jaden Vo,2025-10-08,13:12:34,-07:00,2025-10-08T13:12:34-07:00,10,87
resume\index.html,82,html,ae7ec99d,Jaden Vo,2025-10-08,13:12:34,-07:00,2025-10-08T13:12:34-07:00,12,14
resume\index.html,83,html,ae7ec99d,Jaden Vo,2025-10-08,13:12:34,-07:00,2025-10-08T13:12:34-07:00,10,80
resume\index.html,84,html,ae7ec99d,Jaden Vo,2025-10-08,13:12:34,-07:00,2025-10-08T13:12:34-07:00,10,63
resume\index.html,85,html,ae7ec99d,Jaden Vo,2025-10-08,13:12:34,-07:00,2025-10-08T13:12:34-07:00,8,3
resume\index.html,86,html,ae7ec99d,Jaden Vo,2025-10-08,13:12:34,-07:00,2025-10-08T13:12:34-07:00,6,8
resume\index.html,87,html,ae7ec99d,Jaden Vo,2025-10-08,13:12:34,-07:00,2025-10-08T13:12:34-07:00,4,8
resume\index.html,88,html,137c9545,Jaden Vo,2025-10-08,13:02:43,-07:00,2025-10-08T13:02:43-07:00,0,0
resume\index.html,89,html,ae7ec99d,Jaden Vo,2025-10-08,13:12:34,-07:00,2025-10-08T13:12:34-07:00,4,7
resume\index.html,90,html,ae7ec99d,Jaden Vo,2025-10-08,13:12:34,-07:00,2025-10-08T13:12:34-07:00,6,22
resume\index.html,91,html,137c9545,Jaden Vo,2025-10-08,13:02:43,-07:00,2025-10-08T13:02:43-07:00,0,0
resume\index.html,92,html,ae7ec99d,Jaden Vo,2025-10-08,13:12:34,-07:00,2025-10-08T13:12:34-07:00,6,7
resume\index.html,93,html,ae7ec99d,Jaden Vo,2025-10-08,13:12:34,-07:00,2025-10-08T13:12:34-07:00,8,67
resume\index.html,94,html,ae7ec99d,Jaden Vo,2025-10-08,13:12:34,-07:00,2025-10-08T13:12:34-07:00,8,30
resume\index.html,95,html,ae7ec99d,Jaden Vo,2025-10-08,13:12:34,-07:00,2025-10-08T13:12:34-07:00,8,2
resume\index.html,96,html,ae7ec99d,Jaden Vo,2025-10-08,13:12:34,-07:00,2025-10-08T13:12:34-07:00,10,89
resume\index.html,97,html,ae7ec99d,Jaden Vo,2025-10-08,13:12:34,-07:00,2025-10-08T13:12:34-07:00,10,84
resume\index.html,98,html,ae7ec99d,Jaden Vo,2025-10-08,13:12:34,-07:00,2025-10-08T13:12:34-07:00,10,94
resume\index.html,99,html,ae7ec99d,Jaden Vo,2025-10-08,13:12:34,-07:00,2025-10-08T13:12:34-07:00,10,3
resume\index.html,100,html,ae7ec99d,Jaden Vo,2025-10-08,13:12:34,-07:00,2025-10-08T13:12:34-07:00,8,3
resume\index.html,101,html,ae7ec99d,Jaden Vo,2025-10-08,13:12:34,-07:00,2025-10-08T13:12:34-07:00,6,8
resume\index.html,102,html,137c9545,Jaden Vo,2025-10-08,13:02:43,-07:00,2025-10-08T13:02:43-07:00,0,0
resume\index.html,103,html,ae7ec99d,Jaden Vo,2025-10-08,13:12:34,-07:00,2025-10-08T13:12:34-07:00,6,7
resume\index.html,104,html,ae7ec99d,Jaden Vo,2025-10-08,13:12:34,-07:00,2025-10-08T13:12:34-07:00,8,70
resume\index.html,105,html,ae7ec99d,Jaden Vo,2025-10-08,13:12:34,-07:00,2025-10-08T13:12:34-07:00,8,30
resume\index.html,106,html,ae7ec99d,Jaden Vo,2025-10-08,13:12:34,-07:00,2025-10-08T13:12:34-07:00,8,2
resume\index.html,107,html,ae7ec99d,Jaden Vo,2025-10-08,13:12:34,-07:00,2025-10-08T13:12:34-07:00,10,78
resume\index.html,108,html,ae7ec99d,Jaden Vo,2025-10-08,13:12:34,-07:00,2025-10-08T13:12:34-07:00,10,89
resume\index.html,109,html,ae7ec99d,Jaden Vo,2025-10-08,13:12:34,-07:00,2025-10-08T13:12:34-07:00,8,3
resume\index.html,110,html,ae7ec99d,Jaden Vo,2025-10-08,13:12:34,-07:00,2025-10-08T13:12:34-07:00,6,8
resume\index.html,111,html,137c9545,Jaden Vo,2025-10-08,13:02:43,-07:00,2025-10-08T13:02:43-07:00,0,0
resume\index.html,112,html,ae7ec99d,Jaden Vo,2025-10-08,13:12:34,-07:00,2025-10-08T13:12:34-07:00,6,7
resume\index.html,113,html,ae7ec99d,Jaden Vo,2025-10-08,13:12:34,-07:00,2025-10-08T13:12:34-07:00,8,47
resume\index.html,114,html,ae7ec99d,Jaden Vo,2025-10-08,13:12:34,-07:00,2025-10-08T13:12:34-07:00,8,50
resume\index.html,115,html,ae7ec99d,Jaden Vo,2025-10-08,13:12:34,-07:00,2025-10-08T13:12:34-07:00,8,2
resume\index.html,116,html,ae7ec99d,Jaden Vo,2025-10-08,13:12:34,-07:00,2025-10-08T13:12:34-07:00,10,82
resume\index.html,117,html,ae7ec99d,Jaden Vo,2025-10-08,13:12:34,-07:00,2025-10-08T13:12:34-07:00,10,87
resume\index.html,118,html,ae7ec99d,Jaden Vo,2025-10-08,13:12:34,-07:00,2025-10-08T13:12:34-07:00,8,3
resume\index.html,119,html,ae7ec99d,Jaden Vo,2025-10-08,13:12:34,-07:00,2025-10-08T13:12:34-07:00,6,8
resume\index.html,120,html,ae7ec99d,Jaden Vo,2025-10-08,13:12:34,-07:00,2025-10-08T13:12:34-07:00,4,8
resume\index.html,121,html,ae7ec99d,Jaden Vo,2025-10-08,13:12:34,-07:00,2025-10-08T13:12:34-07:00,2,5
resume\index.html,122,html,01ab079b,Jaden Vo,2025-10-13,11:41:18,-07:00,2025-10-13T11:41:18-07:00,0,0
resume\index.html,123,html,b45a9e47,Jaden Vo,2025-10-20,16:28:50,-07:00,2025-10-20T16:28:50-07:00,2,20
resume\index.html,124,html,b45a9e47,Jaden Vo,2025-10-20,16:28:50,-07:00,2025-10-20T16:28:50-07:00,4,40
resume\index.html,125,html,b45a9e47,Jaden Vo,2025-10-20,16:28:50,-07:00,2025-10-20T16:28:50-07:00,4,11
resume\index.html,126,html,b45a9e47,Jaden Vo,2025-10-20,16:28:50,-07:00,2025-10-20T16:28:50-07:00,2,7
resume\index.html,127,html,11976253,Jaden Vo,2025-09-30,18:02:03,-07:00,2025-09-30T18:02:03-07:00,0,5
resume\index.html,128,html,ae7ec99d,Jaden Vo,2025-10-08,13:12:34,-07:00,2025-10-08T13:12:34-07:00,0,0
resume\index.html,129,html,ae7ec99d,Jaden Vo,2025-10-08,13:12:34,-07:00,2025-10-08T13:12:34-07:00,0,5
projects\projects.js,1,js,b45a9e47,Jaden Vo,2025-10-20,16:28:50,-07:00,2025-10-20T16:28:50-07:00,0,12
projects\projects.js,2,js,b45a9e47,Jaden Vo,2025-10-20,16:28:50,-07:00,2025-10-20T16:28:50-07:00,0,67
projects\projects.js,3,js,8e02cae5,Jaden Vo,2025-10-30,13:09:28,-07:00,2025-10-30T13:09:28-07:00,0,63
projects\projects.js,4,js,b45a9e47,Jaden Vo,2025-10-20,16:28:50,-07:00,2025-10-20T16:28:50-07:00,0,0
projects\projects.js,5,js,8e02cae5,Jaden Vo,2025-10-30,13:09:28,-07:00,2025-10-30T13:09:28-07:00,0,27
projects\projects.js,6,js,b45a9e47,Jaden Vo,2025-10-20,16:28:50,-07:00,2025-10-20T16:28:50-07:00,0,11
projects\projects.js,7,js,b45a9e47,Jaden Vo,2025-10-20,16:28:50,-07:00,2025-10-20T16:28:50-07:00,0,0
projects\projects.js,8,js,8e02cae5,Jaden Vo,2025-10-30,13:09:28,-07:00,2025-10-30T13:09:28-07:00,0,15
projects\projects.js,9,js,b45a9e47,Jaden Vo,2025-10-20,16:28:50,-07:00,2025-10-20T16:28:50-07:00,0,55
projects\projects.js,10,js,b45a9e47,Jaden Vo,2025-10-20,16:28:50,-07:00,2025-10-20T16:28:50-07:00,0,60
projects\projects.js,11,js,b45a9e47,Jaden Vo,2025-10-20,16:28:50,-07:00,2025-10-20T16:28:50-07:00,0,48
projects\projects.js,12,js,8e02cae5,Jaden Vo,2025-10-30,13:09:28,-07:00,2025-10-30T13:09:28-07:00,0,0
projects\projects.js,13,js,8e02cae5,Jaden Vo,2025-10-30,13:09:28,-07:00,2025-10-30T13:09:28-07:00,0,18
projects\projects.js,14,js,8e02cae5,Jaden Vo,2025-10-30,13:09:28,-07:00,2025-10-30T13:09:28-07:00,0,55
projects\projects.js,15,js,8e02cae5,Jaden Vo,2025-10-30,13:09:28,-07:00,2025-10-30T13:09:28-07:00,0,0
projects\projects.js,16,js,8e02cae5,Jaden Vo,2025-10-30,13:09:28,-07:00,2025-10-30T13:09:28-07:00,0,10
projects\projects.js,17,js,8e02cae5,Jaden Vo,2025-10-30,13:09:28,-07:00,2025-10-30T13:09:28-07:00,0,42
projects\projects.js,18,js,8e02cae5,Jaden Vo,2025-10-30,13:09:28,-07:00,2025-10-30T13:09:28-07:00,0,34
projects\projects.js,19,js,8e02cae5,Jaden Vo,2025-10-30,13:09:28,-07:00,2025-10-30T13:09:28-07:00,0,0
projects\projects.js,20,js,8e02cae5,Jaden Vo,2025-10-30,13:09:28,-07:00,2025-10-30T13:09:28-07:00,0,16
projects\projects.js,21,js,8e02cae5,Jaden Vo,2025-10-30,13:09:28,-07:00,2025-10-30T13:09:28-07:00,0,17
projects\projects.js,22,js,8e02cae5,Jaden Vo,2025-10-30,13:09:28,-07:00,2025-10-30T13:09:28-07:00,0,41
projects\projects.js,23,js,8e02cae5,Jaden Vo,2025-10-30,13:09:28,-07:00,2025-10-30T13:09:28-07:00,0,0
projects\projects.js,24,js,8e02cae5,Jaden Vo,2025-10-30,13:09:28,-07:00,2025-10-30T13:09:28-07:00,0,46
projects\projects.js,25,js,8e02cae5,Jaden Vo,2025-10-30,13:09:28,-07:00,2025-10-30T13:09:28-07:00,0,0
projects\projects.js,26,js,8e02cae5,Jaden Vo,2025-10-30,13:09:28,-07:00,2025-10-30T13:09:28-07:00,0,23
projects\projects.js,27,js,8e02cae5,Jaden Vo,2025-10-30,13:09:28,-07:00,2025-10-30T13:09:28-07:00,1,59
projects\projects.js,28,js,8e02cae5,Jaden Vo,2025-10-30,13:09:28,-07:00,2025-10-30T13:09:28-07:00,0,0
projects\projects.js,29,js,8e02cae5,Jaden Vo,2025-10-30,13:09:28,-07:00,2025-10-30T13:09:28-07:00,0,36
projects\projects.js,30,js,8e02cae5,Jaden Vo,2025-10-30,13:09:28,-07:00,2025-10-30T13:09:28-07:00,0,62
projects\projects.js,31,js,8e02cae5,Jaden Vo,2025-10-30,13:09:28,-07:00,2025-10-30T13:09:28-07:00,0,66
projects\projects.js,32,js,8e02cae5,Jaden Vo,2025-10-30,13:09:28,-07:00,2025-10-30T13:09:28-07:00,0,0
projects\projects.js,33,js,8e02cae5,Jaden Vo,2025-10-30,13:09:28,-07:00,2025-10-30T13:09:28-07:00,0,21
projects\projects.js,34,js,8e02cae5,Jaden Vo,2025-10-30,13:09:28,-07:00,2025-10-30T13:09:28-07:00,0,57
projects\projects.js,35,js,8e02cae5,Jaden Vo,2025-10-30,13:09:28,-07:00,2025-10-30T13:09:28-07:00,0,42
projects\projects.js,36,js,8e02cae5,Jaden Vo,2025-10-30,13:09:28,-07:00,2025-10-30T13:09:28-07:00,0,0
projects\projects.js,37,js,8e02cae5,Jaden Vo,2025-10-30,13:09:28,-07:00,2025-10-30T13:09:28-07:00,0,20
projects\projects.js,38,js,8e02cae5,Jaden Vo,2025-10-30,13:09:28,-07:00,2025-10-30T13:09:28-07:00,0,22
projects\projects.js,39,js,8e02cae5,Jaden Vo,2025-10-30,13:09:28,-07:00,2025-10-30T13:09:28-07:00,0,0
projects\projects.js,40,js,8e02cae5,Jaden Vo,2025-10-30,13:09:28,-07:00,2025-10-30T13:09:28-07:00,0,53
projects\projects.js,41,js,8e02cae5,Jaden Vo,2025-10-30,13:09:28,-07:00,2025-10-30T13:09:28-07:00,0,30
projects\projects.js,42,js,8e02cae5,Jaden Vo,2025-10-30,13:09:28,-07:00,2025-10-30T13:09:28-07:00,1,50
projects\projects.js,43,js,8e02cae5,Jaden Vo,2025-10-30,13:09:28,-07:00,2025-10-30T13:09:28-07:00,1,33
projects\projects.js,44,js,8e02cae5,Jaden Vo,2025-10-30,13:09:28,-07:00,2025-10-30T13:09:28-07:00,2,41
projects\projects.js,45,js,8e02cae5,Jaden Vo,2025-10-30,13:09:28,-07:00,2025-10-30T13:09:28-07:00,1,0
projects\projects.js,46,js,8e02cae5,Jaden Vo,2025-10-30,13:09:28,-07:00,2025-10-30T13:09:28-07:00,0,0
projects\projects.js,47,js,8e02cae5,Jaden Vo,2025-10-30,13:09:28,-07:00,2025-10-30T13:09:28-07:00,1,17
projects\projects.js,48,js,8e02cae5,Jaden Vo,2025-10-30,13:09:28,-07:00,2025-10-30T13:09:28-07:00,2,55
projects\projects.js,49,js,8e02cae5,Jaden Vo,2025-10-30,13:09:28,-07:00,2025-10-30T13:09:28-07:00,1,0
projects\projects.js,50,js,8e02cae5,Jaden Vo,2025-10-30,13:09:28,-07:00,2025-10-30T13:09:28-07:00,0,0
projects\projects.js,51,js,8e02cae5,Jaden Vo,2025-10-30,13:09:28,-07:00,2025-10-30T13:09:28-07:00,1,14
projects\projects.js,52,js,8e02cae5,Jaden Vo,2025-10-30,13:09:28,-07:00,2025-10-30T13:09:28-07:00,0,0
projects\projects.js,53,js,8e02cae5,Jaden Vo,2025-10-30,13:09:28,-07:00,2025-10-30T13:09:28-07:00,0,0
projects\projects.js,54,js,8e02cae5,Jaden Vo,2025-10-30,13:09:28,-07:00,2025-10-30T13:09:28-07:00,0,33
projects\projects.js,55,js,8e02cae5,Jaden Vo,2025-10-30,13:09:28,-07:00,2025-10-30T13:09:28-07:00,0,33
projects\projects.js,56,js,8e02cae5,Jaden Vo,2025-10-30,13:09:28,-07:00,2025-10-30T13:09:28-07:00,1,37
projects\projects.js,57,js,8e02cae5,Jaden Vo,2025-10-30,13:09:28,-07:00,2025-10-30T13:09:28-07:00,1,48
projects\projects.js,58,js,8e02cae5,Jaden Vo,2025-10-30,13:09:28,-07:00,2025-10-30T13:09:28-07:00,0,0
projects\projects.js,59,js,8e02cae5,Jaden Vo,2025-10-30,13:09:28,-07:00,2025-10-30T13:09:28-07:00,1,21
projects\projects.js,60,js,8e02cae5,Jaden Vo,2025-10-30,13:09:28,-07:00,2025-10-30T13:09:28-07:00,1,25
projects\projects.js,61,js,8e02cae5,Jaden Vo,2025-10-30,13:09:28,-07:00,2025-10-30T13:09:28-07:00,2,47
projects\projects.js,62,js,8e02cae5,Jaden Vo,2025-10-30,13:09:28,-07:00,2025-10-30T13:09:28-07:00,2,48
projects\projects.js,63,js,8e02cae5,Jaden Vo,2025-10-30,13:09:28,-07:00,2025-10-30T13:09:28-07:00,1,0
projects\projects.js,64,js,8e02cae5,Jaden Vo,2025-10-30,13:09:28,-07:00,2025-10-30T13:09:28-07:00,0,0
projects\projects.js,65,js,8e02cae5,Jaden Vo,2025-10-30,13:09:28,-07:00,2025-10-30T13:09:28-07:00,1,27
projects\projects.js,66,js,8e02cae5,Jaden Vo,2025-10-30,13:09:28,-07:00,2025-10-30T13:09:28-07:00,0,0
projects\projects.js,67,js,8e02cae5,Jaden Vo,2025-10-30,13:09:28,-07:00,2025-10-30T13:09:28-07:00,1,45
projects\projects.js,68,js,8e02cae5,Jaden Vo,2025-10-30,13:09:28,-07:00,2025-10-30T13:09:28-07:00,1,31
projects\projects.js,69,js,8e02cae5,Jaden Vo,2025-10-30,13:09:28,-07:00,2025-10-30T13:09:28-07:00,2,44
projects\projects.js,70,js,8e02cae5,Jaden Vo,2025-10-30,13:09:28,-07:00,2025-10-30T13:09:28-07:00,0,0
projects\projects.js,71,js,8e02cae5,Jaden Vo,2025-10-30,13:09:28,-07:00,2025-10-30T13:09:28-07:00,1,22
projects\projects.js,72,js,8e02cae5,Jaden Vo,2025-10-30,13:09:28,-07:00,2025-10-30T13:09:28-07:00,1,9
projects\projects.js,73,js,8e02cae5,Jaden Vo,2025-10-30,13:09:28,-07:00,2025-10-30T13:09:28-07:00,2,27
projects\projects.js,74,js,8e02cae5,Jaden Vo,2025-10-30,13:09:28,-07:00,2025-10-30T13:09:28-07:00,3,38
projects\projects.js,75,js,8e02cae5,Jaden Vo,2025-10-30,13:09:28,-07:00,2025-10-30T13:09:28-07:00,3,16
projects\projects.js,76,js,8e02cae5,Jaden Vo,2025-10-30,13:09:28,-07:00,2025-10-30T13:09:28-07:00,3,66
projects\projects.js,77,js,8e02cae5,Jaden Vo,2025-10-30,13:09:28,-07:00,2025-10-30T13:09:28-07:00,3,22
projects\projects.js,78,js,8e02cae5,Jaden Vo,2025-10-30,13:09:28,-07:00,2025-10-30T13:09:28-07:00,4,65
projects\projects.js,79,js,8e02cae5,Jaden Vo,2025-10-30,13:09:28,-07:00,2025-10-30T13:09:28-07:00,4,23
projects\projects.js,80,js,8e02cae5,Jaden Vo,2025-10-30,13:09:28,-07:00,2025-10-30T13:09:28-07:00,3,0
projects\projects.js,81,js,8e02cae5,Jaden Vo,2025-10-30,13:09:28,-07:00,2025-10-30T13:09:28-07:00,3,18
projects\projects.js,82,js,8e02cae5,Jaden Vo,2025-10-30,13:09:28,-07:00,2025-10-30T13:09:28-07:00,3,11
projects\projects.js,83,js,8e02cae5,Jaden Vo,2025-10-30,13:09:28,-07:00,2025-10-30T13:09:28-07:00,3,12
projects\projects.js,84,js,8e02cae5,Jaden Vo,2025-10-30,13:09:28,-07:00,2025-10-30T13:09:28-07:00,3,18
projects\projects.js,85,js,8e02cae5,Jaden Vo,2025-10-30,13:09:28,-07:00,2025-10-30T13:09:28-07:00,3,27
projects\projects.js,86,js,8e02cae5,Jaden Vo,2025-10-30,13:09:28,-07:00,2025-10-30T13:09:28-07:00,4,58
projects\projects.js,87,js,8e02cae5,Jaden Vo,2025-10-30,13:09:28,-07:00,2025-10-30T13:09:28-07:00,4,23
projects\projects.js,88,js,8e02cae5,Jaden Vo,2025-10-30,13:09:28,-07:00,2025-10-30T13:09:28-07:00,3,1
projects\projects.js,89,js,8e02cae5,Jaden Vo,2025-10-30,13:09:28,-07:00,2025-10-30T13:09:28-07:00,2,14
projects\projects.js,90,js,8e02cae5,Jaden Vo,2025-10-30,13:09:28,-07:00,2025-10-30T13:09:28-07:00,3,11
projects\projects.js,91,js,8e02cae5,Jaden Vo,2025-10-30,13:09:28,-07:00,2025-10-30T13:09:28-07:00,3,12
projects\projects.js,92,js,8e02cae5,Jaden Vo,2025-10-30,13:09:28,-07:00,2025-10-30T13:09:28-07:00,3,16
projects\projects.js,93,js,8e02cae5,Jaden Vo,2025-10-30,13:09:28,-07:00,2025-10-30T13:09:28-07:00,3,38
projects\projects.js,94,js,8e02cae5,Jaden Vo,2025-10-30,13:09:28,-07:00,2025-10-30T13:09:28-07:00,3,67
projects\projects.js,95,js,8e02cae5,Jaden Vo,2025-10-30,13:09:28,-07:00,2025-10-30T13:09:28-07:00,2,66
projects\projects.js,96,js,8e02cae5,Jaden Vo,2025-10-30,13:09:28,-07:00,2025-10-30T13:09:28-07:00,1,0
projects\projects.js,97,js,8e02cae5,Jaden Vo,2025-10-30,13:09:28,-07:00,2025-10-30T13:09:28-07:00,0,0
projects\projects.js,98,js,8e02cae5,Jaden Vo,2025-10-30,13:09:28,-07:00,2025-10-30T13:09:28-07:00,1,14
projects\projects.js,99,js,8e02cae5,Jaden Vo,2025-10-30,13:09:28,-07:00,2025-10-30T13:09:28-07:00,1,21
projects\projects.js,100,js,8e02cae5,Jaden Vo,2025-10-30,13:09:28,-07:00,2025-10-30T13:09:28-07:00,0,0
projects\projects.js,101,js,8e02cae5,Jaden Vo,2025-10-30,13:09:28,-07:00,2025-10-30T13:09:28-07:00,0,0
projects\projects.js,102,js,8e02cae5,Jaden Vo,2025-10-30,13:09:28,-07:00,2025-10-30T13:09:28-07:00,0,41
projects\projects.js,103,js,8e02cae5,Jaden Vo,2025-10-30,13:09:28,-07:00,2025-10-30T13:09:28-07:00,0,39
projects\projects.js,104,js,8e02cae5,Jaden Vo,2025-10-30,13:09:28,-07:00,2025-10-30T13:09:28-07:00,1,30
projects\projects.js,105,js,8e02cae5,Jaden Vo,2025-10-30,13:09:28,-07:00,2025-10-30T13:09:28-07:00,0,0
projects\projects.js,106,js,8e02cae5,Jaden Vo,2025-10-30,13:09:28,-07:00,2025-10-30T13:09:28-07:00,1,24
projects\projects.js,107,js,8e02cae5,Jaden Vo,2025-10-30,13:09:28,-07:00,2025-10-30T13:09:28-07:00,2,15
projects\projects.js,108,js,8e02cae5,Jaden Vo,2025-10-30,13:09:28,-07:00,2025-10-30T13:09:28-07:00,2,12
projects\projects.js,109,js,8e02cae5,Jaden Vo,2025-10-30,13:09:28,-07:00,2025-10-30T13:09:28-07:00,2,9
projects\projects.js,110,js,8e02cae5,Jaden Vo,2025-10-30,13:09:28,-07:00,2025-10-30T13:09:28-07:00,1,0
projects\projects.js,111,js,8e02cae5,Jaden Vo,2025-10-30,13:09:28,-07:00,2025-10-30T13:09:28-07:00,0,0
projects\projects.js,112,js,8e02cae5,Jaden Vo,2025-10-30,13:09:28,-07:00,2025-10-30T13:09:28-07:00,1,25
projects\projects.js,113,js,8e02cae5,Jaden Vo,2025-10-30,13:09:28,-07:00,2025-10-30T13:09:28-07:00,2,55
projects\projects.js,114,js,8e02cae5,Jaden Vo,2025-10-30,13:09:28,-07:00,2025-10-30T13:09:28-07:00,2,48
projects\projects.js,115,js,8e02cae5,Jaden Vo,2025-10-30,13:09:28,-07:00,2025-10-30T13:09:28-07:00,1,0
projects\projects.js,116,js,8e02cae5,Jaden Vo,2025-10-30,13:09:28,-07:00,2025-10-30T13:09:28-07:00,0,0
projects\projects.js,117,js,8e02cae5,Jaden Vo,2025-10-30,13:09:28,-07:00,2025-10-30T13:09:28-07:00,1,20
projects\projects.js,118,js,8e02cae5,Jaden Vo,2025-10-30,13:09:28,-07:00,2025-10-30T13:09:28-07:00,2,64
projects\projects.js,119,js,8e02cae5,Jaden Vo,2025-10-30,13:09:28,-07:00,2025-10-30T13:09:28-07:00,2,17
projects\projects.js,120,js,8e02cae5,Jaden Vo,2025-10-30,13:09:28,-07:00,2025-10-30T13:09:28-07:00,3,42
projects\projects.js,121,js,8e02cae5,Jaden Vo,2025-10-30,13:09:28,-07:00,2025-10-30T13:09:28-07:00,3,56
projects\projects.js,122,js,8e02cae5,Jaden Vo,2025-10-30,13:09:28,-07:00,2025-10-30T13:09:28-07:00,3,66
projects\projects.js,123,js,8e02cae5,Jaden Vo,2025-10-30,13:09:28,-07:00,2025-10-30T13:09:28-07:00,3,18
projects\projects.js,124,js,8e02cae5,Jaden Vo,2025-10-30,13:09:28,-07:00,2025-10-30T13:09:28-07:00,4,55
projects\projects.js,125,js,8e02cae5,Jaden Vo,2025-10-30,13:09:28,-07:00,2025-10-30T13:09:28-07:00,4,23
projects\projects.js,126,js,8e02cae5,Jaden Vo,2025-10-30,13:09:28,-07:00,2025-10-30T13:09:28-07:00,3,1
projects\projects.js,127,js,8e02cae5,Jaden Vo,2025-10-30,13:09:28,-07:00,2025-10-30T13:09:28-07:00,1,1
projects\projects.js,128,js,8e02cae5,Jaden Vo,2025-10-30,13:09:28,-07:00,2025-10-30T13:09:28-07:00,0,0
projects\projects.js,129,js,8e02cae5,Jaden Vo,2025-10-30,13:09:28,-07:00,2025-10-30T13:09:28-07:00,0,0
projects\projects.js,130,js,8e02cae5,Jaden Vo,2025-10-30,13:09:28,-07:00,2025-10-30T13:09:28-07:00,0,19
projects\projects.js,131,js,8e02cae5,Jaden Vo,2025-10-30,13:09:28,-07:00,2025-10-30T13:09:28-07:00,0,43
projects\projects.js,132,js,8e02cae5,Jaden Vo,2025-10-30,13:09:28,-07:00,2025-10-30T13:09:28-07:00,1,23
projects\projects.js,133,js,8e02cae5,Jaden Vo,2025-10-30,13:09:28,-07:00,2025-10-30T13:09:28-07:00,0,1
projects\projects.js,134,js,8e02cae5,Jaden Vo,2025-10-30,13:09:28,-07:00,2025-10-30T13:09:28-07:00,0,0
projects\projects.js,135,js,8e02cae5,Jaden Vo,2025-10-30,13:09:28,-07:00,2025-10-30T13:09:28-07:00,0,15
projects\projects.js,136,js,8e02cae5,Jaden Vo,2025-10-30,13:09:28,-07:00,2025-10-30T13:09:28-07:00,0,23
projects\index.html,1,html,a8e0f93a,Jaden Vo,2025-09-30,17:34:34,-07:00,2025-09-30T17:34:34-07:00,0,13
projects\index.html,2,html,a8e0f93a,Jaden Vo,2025-09-30,17:34:34,-07:00,2025-09-30T17:34:34-07:00,0,14
projects\index.html,3,html,b45a9e47,Jaden Vo,2025-10-20,16:28:50,-07:00,2025-10-20T16:28:50-07:00,0,0
projects\index.html,4,html,a8e0f93a,Jaden Vo,2025-09-30,17:34:34,-07:00,2025-09-30T17:34:34-07:00,0,4
projects\index.html,5,html,a8e0f93a,Jaden Vo,2025-09-30,17:34:34,-07:00,2025-09-30T17:34:34-07:00,2,20
projects\index.html,6,html,a8e0f93a,Jaden Vo,2025-09-30,17:34:34,-07:00,2025-09-30T17:34:34-07:00,2,68
projects\index.html,7,html,faaeabe4,Jaden Vo,2025-10-07,22:20:29,-07:00,2025-10-07T22:20:29-07:00,2,42
projects\index.html,8,html,a8e0f93a,Jaden Vo,2025-09-30,17:34:34,-07:00,2025-09-30T17:34:34-07:00,2,21
projects\index.html,9,html,a8e0f93a,Jaden Vo,2025-09-30,17:34:34,-07:00,2025-09-30T17:34:34-07:00,0,5
projects\index.html,10,html,b45a9e47,Jaden Vo,2025-10-20,16:28:50,-07:00,2025-10-20T16:28:50-07:00,0,0
projects\index.html,11,html,a8e0f93a,Jaden Vo,2025-09-30,17:34:34,-07:00,2025-09-30T17:34:34-07:00,0,4
projects\index.html,12,html,8e02cae5,Jaden Vo,2025-10-30,13:09:28,-07:00,2025-10-30T13:09:28-07:00,2,7
projects\index.html,13,html,8e02cae5,Jaden Vo,2025-10-30,13:09:28,-07:00,2025-10-30T13:09:28-07:00,4,19
projects\index.html,14,html,8e02cae5,Jaden Vo,2025-10-30,13:09:28,-07:00,2025-10-30T13:09:28-07:00,4,102
projects\index.html,15,html,8e02cae5,Jaden Vo,2025-10-30,13:09:28,-07:00,2025-10-30T13:09:28-07:00,2,8
projects\index.html,16,html,8e02cae5,Jaden Vo,2025-10-30,13:09:28,-07:00,2025-10-30T13:09:28-07:00,0,0
projects\index.html,17,html,8e02cae5,Jaden Vo,2025-10-30,13:09:28,-07:00,2025-10-30T13:09:28-07:00,2,21
projects\index.html,18,html,8e02cae5,Jaden Vo,2025-10-30,13:09:28,-07:00,2025-10-30T13:09:28-07:00,4,32
projects\index.html,19,html,8e02cae5,Jaden Vo,2025-10-30,13:09:28,-07:00,2025-10-30T13:09:28-07:00,4,22
projects\index.html,20,html,8e02cae5,Jaden Vo,2025-10-30,13:09:28,-07:00,2025-10-30T13:09:28-07:00,2,4
projects\index.html,21,html,8e02cae5,Jaden Vo,2025-10-30,13:09:28,-07:00,2025-10-30T13:09:28-07:00,0,0
projects\index.html,22,html,8e02cae5,Jaden Vo,2025-10-30,13:09:28,-07:00,2025-10-30T13:09:28-07:00,0,0
projects\index.html,23,html,e164674f,Jaden Vo,2025-10-08,01:04:55,-07:00,2025-10-08T01:04:55-07:00,0,0
projects\index.html,24,html,e164674f,Jaden Vo,2025-10-08,01:04:55,-07:00,2025-10-08T01:04:55-07:00,2,20
projects\index.html,25,html,b45a9e47,Jaden Vo,2025-10-20,16:28:50,-07:00,2025-10-20T16:28:50-07:00,4,49
projects\index.html,26,html,e164674f,Jaden Vo,2025-10-08,01:04:55,-07:00,2025-10-08T01:04:55-07:00,2,4
projects\index.html,27,html,01ab079b,Jaden Vo,2025-10-13,11:41:18,-07:00,2025-10-13T11:41:18-07:00,0,0
projects\index.html,28,html,b45a9e47,Jaden Vo,2025-10-20,16:28:50,-07:00,2025-10-20T16:28:50-07:00,2,47
projects\index.html,29,html,a8e0f93a,Jaden Vo,2025-09-30,17:34:34,-07:00,2025-09-30T17:34:34-07:00,0,5
projects\index.html,30,html,b45a9e47,Jaden Vo,2025-10-20,16:28:50,-07:00,2025-10-20T16:28:50-07:00,0,0
projects\index.html,31,html,b45a9e47,Jaden Vo,2025-10-20,16:28:50,-07:00,2025-10-20T16:28:50-07:00,0,5
contact\index.html,1,html,a8e0f93a,Jaden Vo,2025-09-30,17:34:34,-07:00,2025-09-30T17:34:34-07:00,0,13
contact\index.html,2,html,a8e0f93a,Jaden Vo,2025-09-30,17:34:34,-07:00,2025-09-30T17:34:34-07:00,0,14
contact\index.html,3,html,f6abf989,Jaden Vo,2025-10-24,14:34:13,-07:00,2025-10-24T14:34:13-07:00,0,0
contact\index.html,4,html,a8e0f93a,Jaden Vo,2025-09-30,17:34:34,-07:00,2025-09-30T17:34:34-07:00,0,4
contact\index.html,5,html,a8e0f93a,Jaden Vo,2025-09-30,17:34:34,-07:00,2025-09-30T17:34:34-07:00,2,20
contact\index.html,6,html,a8e0f93a,Jaden Vo,2025-09-30,17:34:34,-07:00,2025-09-30T17:34:34-07:00,2,68
contact\index.html,7,html,faaeabe4,Jaden Vo,2025-10-07,22:20:29,-07:00,2025-10-07T22:20:29-07:00,2,42
contact\index.html,8,html,01ab079b,Jaden Vo,2025-10-13,11:41:18,-07:00,2025-10-13T11:41:18-07:00,2,20
contact\index.html,9,html,a8e0f93a,Jaden Vo,2025-09-30,17:34:34,-07:00,2025-09-30T17:34:34-07:00,0,5
contact\index.html,10,html,f6abf989,Jaden Vo,2025-10-24,14:34:13,-07:00,2025-10-24T14:34:13-07:00,0,0
contact\index.html,11,html,a8e0f93a,Jaden Vo,2025-09-30,17:34:34,-07:00,2025-09-30T17:34:34-07:00,0,4
contact\index.html,12,html,a8e0f93a,Jaden Vo,2025-09-30,17:34:34,-07:00,2025-09-30T17:34:34-07:00,2,6
contact\index.html,13,html,01ab079b,Jaden Vo,2025-10-13,11:41:18,-07:00,2025-10-13T11:41:18-07:00,4,8
contact\index.html,14,html,3a279a1f,Jaden Vo,2025-10-07,22:10:33,-07:00,2025-10-07T22:10:33-07:00,6,30
contact\index.html,15,html,01ab079b,Jaden Vo,2025-10-13,11:41:18,-07:00,2025-10-13T11:41:18-07:00,6,30
contact\index.html,16,html,3a279a1f,Jaden Vo,2025-10-07,22:10:33,-07:00,2025-10-07T22:10:33-07:00,6,43
contact\index.html,17,html,11976253,Jaden Vo,2025-09-30,18:02:03,-07:00,2025-09-30T18:02:03-07:00,6,39
contact\index.html,18,html,3a279a1f,Jaden Vo,2025-10-07,22:10:33,-07:00,2025-10-07T22:10:33-07:00,6,62
contact\index.html,19,html,01ab079b,Jaden Vo,2025-10-13,11:41:18,-07:00,2025-10-13T11:41:18-07:00,4,8
contact\index.html,20,html,a8e0f93a,Jaden Vo,2025-09-30,17:34:34,-07:00,2025-09-30T17:34:34-07:00,2,7
contact\index.html,21,html,836baec5,Jaden Vo,2025-09-30,17:46:07,-07:00,2025-09-30T17:46:07-07:00,0,0
contact\index.html,22,html,f6abf989,Jaden Vo,2025-10-24,14:34:13,-07:00,2025-10-24T14:34:13-07:00,2,47
contact\index.html,23,html,ef1419df,Jaden Vo,2025-10-08,00:57:32,-07:00,2025-10-08T00:57:32-07:00,4,29
contact\index.html,24,html,ef1419df,Jaden Vo,2025-10-08,00:57:32,-07:00,2025-10-08T00:57:32-07:00,4,48
contact\index.html,25,html,b92c239e,Jaden Vo,2025-09-30,18:12:33,-07:00,2025-09-30T18:12:33-07:00,0,0
contact\index.html,26,html,ef1419df,Jaden Vo,2025-10-08,00:57:32,-07:00,2025-10-08T00:57:32-07:00,4,31
contact\index.html,27,html,ef1419df,Jaden Vo,2025-10-08,00:57:32,-07:00,2025-10-08T00:57:32-07:00,4,51
contact\index.html,28,html,b92c239e,Jaden Vo,2025-09-30,18:12:33,-07:00,2025-09-30T18:12:33-07:00,0,0
contact\index.html,29,html,ef1419df,Jaden Vo,2025-10-08,00:57:32,-07:00,2025-10-08T00:57:32-07:00,4,35
contact\index.html,30,html,ef1419df,Jaden Vo,2025-10-08,00:57:32,-07:00,2025-10-08T00:57:32-07:00,4,75
contact\index.html,31,html,836baec5,Jaden Vo,2025-09-30,17:46:07,-07:00,2025-09-30T17:46:07-07:00,0,0
contact\index.html,32,html,b92c239e,Jaden Vo,2025-09-30,18:12:33,-07:00,2025-09-30T18:12:33-07:00,4,32
contact\index.html,33,html,b92c239e,Jaden Vo,2025-09-30,18:12:33,-07:00,2025-09-30T18:12:33-07:00,4,32
contact\index.html,34,html,b92c239e,Jaden Vo,2025-09-30,18:12:33,-07:00,2025-09-30T18:12:33-07:00,0,0
contact\index.html,35,html,b92c239e,Jaden Vo,2025-09-30,18:12:33,-07:00,2025-09-30T18:12:33-07:00,2,5
contact\index.html,36,html,01ab079b,Jaden Vo,2025-10-13,11:41:18,-07:00,2025-10-13T11:41:18-07:00,0,0
contact\index.html,37,html,f6abf989,Jaden Vo,2025-10-24,14:34:13,-07:00,2025-10-24T14:34:13-07:00,2,20
contact\index.html,38,html,f6abf989,Jaden Vo,2025-10-24,14:34:13,-07:00,2025-10-24T14:34:13-07:00,4,40
contact\index.html,39,html,f6abf989,Jaden Vo,2025-10-24,14:34:13,-07:00,2025-10-24T14:34:13-07:00,4,11
contact\index.html,40,html,f6abf989,Jaden Vo,2025-10-24,14:34:13,-07:00,2025-10-24T14:34:13-07:00,2,7
contact\index.html,41,html,f6abf989,Jaden Vo,2025-10-24,14:34:13,-07:00,2025-10-24T14:34:13-07:00,0,0
contact\index.html,42,html,a8e0f93a,Jaden Vo,2025-09-30,17:34:34,-07:00,2025-09-30T17:34:34-07:00,0,5
contact\index.html,43,html,f6abf989,Jaden Vo,2025-10-24,14:34:13,-07:00,2025-10-24T14:34:13-07:00,0,0
contact\index.html,44,html,a8e0f93a,Jaden Vo,2025-09-30,17:34:34,-07:00,2025-09-30T17:34:34-07:00,0,5
